,Unnamed: 0,artist,title,bpm,nrgy,dnce,dB,live,val,dur,acous,spch,popularity,top year,hip_hop,other,pop,rap,rock,group,solo
0,0,3OH!3,STARSTRUKK (feat. Katy Perry),140,81,61,-6,23,23,203,0,6,70,2010,0,0,1,0,0,1,0
1,1,3OH!3,My First Kiss (feat. Ke$ha),138,89,68,-4,36,83,192,1,8,68,2010,0,0,1,0,0,1,0
2,2,Aloe Blacc,I Need A Dollar,95,48,84,-7,9,96,243,20,3,72,2010,0,0,1,0,0,0,1
3,3,B.o.B,Airplanes (feat. Hayley Williams of Paramore),93,87,66,-4,4,38,180,11,12,80,2010,1,0,0,0,0,0,1
4,4,B.o.B,Nothin' on You (feat. Bruno Mars),104,85,69,-6,9,74,268,39,5,79,2010,1,0,0,0,0,0,1
5,5,B.o.B,Magic (feat. Rivers Cuomo),82,93,55,-4,35,79,196,1,34,71,2010,1,0,0,0,0,0,1
6,6,Black Eyed Peas,The Time (Dirty Bit),128,81,82,-8,60,44,308,7,7,75,2010,0,0,1,0,0,1,0
7,7,Black Eyed Peas,Imma Be,92,52,60,-7,31,41,258,18,37,71,2010,0,0,1,0,0,1,0
8,9,Bruno Mars,Just the Way You Are,109,84,64,-5,6,42,221,1,4,86,2010,0,0,1,0,0,0,1
9,10,Cali Swag District,Teach Me How to Dougie,85,44,85,-5,9,51,237,20,14,71,2010,0,0,0,1,0,1,0
10,11,CeeLo Green,Forget You,127,88,70,-4,16,77,223,13,6,69,2010,1,0,0,0,0,0,1
11,12,Chris Brown,Deuces (feat. Tyga & Kevin McCall),74,74,69,-5,8,22,277,3,11,74,2010,0,0,1,0,0,0,1
12,13,David Guetta,Memories (feat. Kid Cudi),130,87,56,-6,25,50,210,0,34,74,2010,0,1,0,0,0,0,1
13,14,David Guetta,Gettin' Over You (feat. Fergie & LMFAO),130,91,62,-5,8,45,188,18,8,55,2010,0,1,0,0,0,0,1
14,15,DJ Khaled,"All I Do Is Win (feat. T-Pain, Ludacris, Snoop Dogg & Rick Ross)",150,78,54,-4,16,28,233,1,19,55,2010,0,0,1,0,0,0,1
15,16,Drake,Over,100,85,35,-6,12,45,234,1,20,72,2010,1,0,0,0,0,0,1
16,17,Drake,Find Your Love,96,61,63,-6,3,76,209,2,17,70,2010,1,0,0,0,0,0,1
17,18,Duck Sauce,Barbra Streisand (Radio Edit),128,93,76,-2,22,46,195,0,10,61,2010,0,1,0,0,0,1,0
18,19,Edward Maya,Stereo Love - Radio Edit,127,78,80,-4,8,59,185,3,3,71,2010,0,1,0,0,0,0,1
19,21,Ellie Goulding,Starry Eyed,150,81,50,-5,32,60,177,14,4,59,2010,0,0,1,0,0,0,1
20,22,Eminem,Love The Way You Lie,87,93,75,-5,52,64,263,24,23,87,2010,1,0,0,0,0,0,1
21,23,Eminem,Not Afraid,115,95,86,-1,21,67,248,53,26,85,2010,1,0,0,0,0,0,1
22,24,Enrique Iglesias,I Like It,129,94,65,-3,7,70,232,2,8,71,2010,0,0,1,0,0,0,1
23,25,Example,Kickstarts,126,84,61,-4,36,66,182,0,6,69,2010,0,0,1,0,0,0,1
24,26,Far East Movement,Like A G6,125,84,44,-8,12,78,217,1,45,75,2010,1,0,0,0,0,1,0
25,27,Flo Rida,Club Can't Handle Me (feat. David Guetta),128,87,62,-4,6,47,235,3,3,81,2010,0,0,1,0,0,0,1
26,29,Iyaz,Replay,91,75,71,-6,17,20,182,17,7,78,2010,0,0,1,0,0,0,1
27,30,Jason Derulo,Whatcha Say,144,71,62,-6,14,71,221,4,8,72,2010,0,0,1,0,0,0,1
28,31,Jason Derulo,Ridin' Solo,89,83,44,-4,13,58,216,13,15,70,2010,0,0,1,0,0,0,1
29,32,Jason Derulo,In My Head,110,75,76,-4,35,85,199,3,3,67,2010,0,0,1,0,0,0,1
30,33,Jay Sean,Down,132,68,73,-4,8,73,213,1,3,83,2010,0,0,1,0,0,0,1
31,34,Jay Sean,Do You Remember,126,67,85,-5,10,82,211,2,7,74,2010,0,0,1,0,0,0,1
32,35,JAY-Z,Young Forever,140,69,64,-3,21,10,254,42,7,71,2010,1,0,0,0,0,0,1
33,36,John Mayer,Heartbreak Warfare,97,55,62,-8,30,31,270,19,2,69,2010,0,1,0,0,0,0,1
34,37,John Mayer,Half of My Heart,115,59,68,-9,11,73,250,44,3,68,2010,0,1,0,0,0,0,1
35,38,Justin Bieber,Baby,65,86,73,-5,11,54,214,4,14,86,2010,0,0,1,0,0,0,1
36,39,Katy Perry,California Gurls,125,75,79,-4,16,43,235,0,6,78,2010,0,0,1,0,0,0,1
37,40,Katy Perry,Teenage Dream,120,80,72,-5,13,59,228,2,4,76,2010,0,0,1,0,0,0,1
38,41,Kelly Rowland,Commander,125,88,40,-4,36,57,218,2,14,54,2010,1,0,0,0,0,0,1
39,42,Kesha,TiK ToK,120,84,76,-3,29,71,200,10,14,86,2010,0,0,1,0,0,0,1
40,43,Kesha,Your Love Is My Drug,120,61,83,-4,9,76,187,1,10,75,2010,0,0,1,0,0,0,1
41,44,Kesha,Take It Off,125,68,73,-5,9,74,215,0,3,74,2010,0,0,1,0,0,0,1
42,45,Kesha,Blah Blah Blah (feat. 3OH!3),120,84,75,-3,42,52,172,8,12,67,2010,0,0,1,0,0,0,1
43,46,K'NAAN,Wavin' Flag,76,70,63,-6,24,72,221,13,7,63,2010,0,1,0,0,0,0,1
44,47,Kris Allen,Live Like We're Dying,92,89,59,-3,34,94,213,3,4,57,2010,0,1,0,0,0,0,1
45,48,Lady Gaga,Bad Romance,119,92,70,-4,8,71,295,0,4,86,2010,0,0,1,0,0,0,1
46,49,Lady Gaga,Telephone,122,84,82,-6,11,72,221,1,4,75,2010,0,0,1,0,0,0,1
47,50,Lady Gaga,Alejandro,99,79,62,-7,38,36,274,0,5,72,2010,0,0,1,0,0,0,1
48,51,Lil Wayne,Right Above It,76,84,38,-4,58,46,272,4,36,74,2010,1,0,0,0,0,0,1
49,52,Ludacris,My Chick Bad,85,72,62,-7,48,76,217,17,38,73,2010,1,0,0,0,0,0,1
50,54,Maroon 5,Misery,103,81,70,-5,22,73,216,0,4,70,2010,0,0,1,0,0,1,0
51,55,Matt Cardle,When We Collide,82,68,44,-6,31,45,226,2,3,52,2010,0,1,0,0,0,0,1
52,56,Mike Posner,Cooler Than Me - Single Mix,130,82,77,-5,69,63,213,18,5,81,2010,0,0,1,0,0,0,1
53,59,Owl City,Fireflies,180,66,51,-7,12,47,228,3,4,84,2010,0,1,0,0,0,1,0
54,61,Rihanna,Only Girl (In The World),126,71,79,-4,6,64,235,11,4,82,2010,0,0,1,0,0,0,1
55,62,Rihanna,Rude Boy,174,75,56,-4,8,81,223,11,13,80,2010,0,0,1,0,0,0,1
56,63,Rihanna,What's My Name?,100,78,69,-3,8,56,263,18,7,75,2010,0,0,1,0,0,0,1
57,64,Rihanna,Man Down,156,91,48,-4,5,54,267,4,19,65,2010,0,0,1,0,0,0,1
58,65,Rihanna,Hard,182,75,31,-4,65,16,251,1,11,60,2010,0,0,1,0,0,0,1
59,66,Robyn,Dancing On My Own - Radio Edit,117,93,57,-6,13,22,278,0,3,65,2010,0,0,1,0,0,0,1
60,67,Sara Bareilles,King of Anything,119,76,68,-4,6,81,207,46,4,66,2010,0,0,1,0,0,0,1
61,68,Scouting For Girls,This Ain't a Love Song,177,91,46,-4,38,55,211,0,5,58,2010,0,0,1,0,0,1,0
62,69,Sean Kingston,Eenie Meenie,121,64,73,-3,10,84,202,3,3,72,2010,0,0,1,0,0,0,1
63,71,Stromae,Alors on danse - Radio Edit,120,59,79,-9,7,71,206,10,8,83,2010,0,0,1,0,0,0,1
64,72,Sugarland,Stuck Like Glue,84,80,70,-5,5,84,248,33,6,73,2010,0,1,0,0,0,1,0
65,73,Swedish House Mafia,One - Radio Edit,125,78,80,-7,15,62,170,1,4,62,2010,0,0,1,0,0,1,0
66,75,Taio Cruz,Dynamite,120,78,75,-4,4,82,203,0,9,85,2010,0,0,1,0,0,0,1
67,76,Taio Cruz,Break Your Heart,122,93,61,-4,9,57,202,3,3,79,2010,0,0,1,0,0,0,1
68,77,Take That,The Flood,101,83,51,-6,12,14,289,4,4,63,2010,0,1,0,0,0,1,0
69,79,Taylor Swift,Mine,121,76,62,-3,19,66,231,0,3,70,2010,0,0,1,0,0,0,1
70,80,Taylor Swift,Today Was A Fairytale,158,70,49,-4,17,34,242,3,3,56,2010,0,0,1,0,0,0,1
71,81,The Band Perry,If I Die Young,131,50,61,-7,28,36,223,35,3,74,2010,0,1,0,0,0,1,0
72,83,The Wanted,All Time Low,134,62,69,-5,8,79,205,35,5,63,2010,0,1,0,0,0,1,0
73,84,Tim Berg,Seek Bromance (Avicii Vocal Edit),126,81,49,-3,9,55,201,9,4,55,2010,0,1,0,0,0,0,1
74,85,Timbaland,Carry Out (Featuring Justin Timberlake),116,57,53,-7,26,27,232,11,11,74,2010,0,0,1,0,0,0,1
75,86,Timbaland,If We Ever Meet Again (Featuring Katy Perry),126,61,65,-7,6,39,293,0,4,74,2010,0,0,1,0,0,0,1
76,89,Train,"Hey, Soul Sister",97,89,67,-4,8,80,217,19,4,87,2010,0,0,1,0,0,1,0
77,90,Travie McCoy,Billionaire (feat. Bruno Mars),87,67,63,-6,21,66,211,30,26,77,2010,0,0,1,0,0,0,1
78,91,Trey Songz,Bottoms Up (feat. Nicki Minaj),74,60,84,-5,39,33,242,2,16,78,2010,0,0,1,0,0,0,1
79,92,Trey Songz,Say Aah (feat. Fabolous),93,87,72,-4,83,81,208,0,11,68,2010,0,0,1,0,0,0,1
80,94,Usher,DJ Got Us Fallin' In Love (feat. Pitbull),120,86,66,-3,8,65,221,3,11,84,2010,1,0,0,0,0,0,1
81,95,Usher,OMG (feat. will.i.am),130,75,78,-6,36,33,269,20,3,78,2010,1,0,0,0,0,0,1
82,96,Usher,Hey Daddy (Daddy's Home),96,70,59,-4,11,35,224,0,3,65,2010,1,0,0,0,0,0,1
83,97,Waka Flocka Flame,No Hands (feat. Roscoe Dash & Wale),131,60,76,-6,24,36,264,1,4,63,2010,1,0,0,0,0,0,1
84,98,Yolanda Be Cool,We No Speak Americano (Edit),125,81,90,-5,9,75,157,7,5,65,2010,0,1,0,0,0,1,0
85,100,Adele,Rolling in the Deep,105,77,73,-5,5,51,228,14,3,84,2011,0,1,0,0,0,0,1
86,101,Adele,Set Fire to the Rain,108,67,60,-4,11,45,243,0,2,81,2011,0,1,0,0,0,0,1
87,102,Alexandra Stan,Mr. Saxobeat,127,93,72,-4,14,78,195,3,5,69,2011,0,0,1,0,0,0,1
88,104,Bad Meets Evil,Lighters,90,70,68,-8,12,14,304,35,25,74,2011,1,0,0,0,0,1,0
89,105,Beyoncé,Love On Top,94,75,65,-5,60,65,267,8,9,79,2011,0,0,1,0,0,0,1
90,106,Beyoncé,Best Thing I Never Had,99,65,55,-4,9,30,254,14,3,74,2011,0,0,1,0,0,0,1
91,108,Black Eyed Peas,Just Can’t Get Enough,94,63,66,-9,11,26,219,19,18,81,2011,0,0,1,0,0,1,0
92,111,Britney Spears,I Wanna Go,130,55,70,-7,33,79,210,0,4,71,2011,0,0,1,0,0,0,1
93,112,Britney Spears,Till the World Ends,132,71,69,-6,20,45,238,2,7,71,2011,0,0,1,0,0,0,1
94,113,Bruno Mars,Grenade,110,56,70,-7,11,25,222,15,5,82,2011,0,0,1,0,0,0,1
95,116,Calvin Harris,Bounce (feat. Kelis) - Radio Edit,128,96,78,-2,66,76,222,3,4,67,2011,0,0,1,0,0,0,1
96,117,Chase & Status,Blind Faith,140,85,45,-5,23,40,234,1,5,66,2011,0,1,0,0,0,1,0
97,118,Chip,Champion (feat. Chris Brown),190,93,42,-3,14,52,237,8,24,54,2011,0,1,0,0,0,0,1
98,120,Chris Brown,Yeah 3x,130,88,71,-3,9,70,242,0,4,74,2011,0,0,1,0,0,0,1
99,121,Chris Brown,Beautiful People,128,78,42,-6,8,54,226,7,16,59,2011,0,0,1,0,0,0,1
100,122,Christina Perri,Jar of Hearts,75,35,35,-6,12,9,247,73,3,77,2011,0,0,1,0,0,0,1
101,123,Cobra Starship,You Make Me Feel... (feat. Sabi),132,86,67,-3,4,75,216,2,5,75,2011,0,0,1,0,0,1,0
102,125,Coldplay,Every Teardrop Is a Waterfall,118,73,43,-7,17,33,241,0,4,75,2011,0,1,0,0,0,1,0
103,126,David Guetta,Where Them Girls At (feat. Nicki Minaj & Flo Rida),130,87,66,-3,23,56,210,3,4,69,2011,0,1,0,0,0,0,1
104,127,David Guetta,Who's That Chick? (feat. Rihanna),128,60,68,-5,5,93,201,0,12,66,2011,0,1,0,0,0,0,1
106,133,Ed Sheeran,The A Team,85,29,64,-10,18,41,258,67,4,80,2011,0,0,1,0,0,0,1
107,134,Ed Sheeran,Lego House,160,64,59,-8,13,56,185,56,10,77,2011,0,0,1,0,0,0,1
108,135,Edward Maya,Stereo Love - Radio Edit,127,78,80,-4,8,59,185,3,3,71,2011,0,1,0,0,0,0,1
109,136,Enrique Iglesias,Tonight (I'm Fuckin' You),126,88,67,-5,14,27,232,3,4,65,2011,0,0,1,0,0,0,1
110,137,Eric Church,Springsteen,104,81,69,-6,19,93,263,10,3,77,2011,0,1,0,0,0,0,1
111,138,Example,Changed the Way You Kiss Me - Radio Edit,127,86,58,-4,9,19,195,1,4,69,2011,0,0,1,0,0,0,1
112,139,Far East Movement,Rocketeer,96,85,66,-6,27,36,211,18,5,73,2011,1,0,0,0,0,1,0
113,140,Florence + The Machine,Shake It Out,107,80,53,-4,11,22,278,1,4,68,2011,0,0,1,0,0,1,0
114,141,Foster The People,Pumped Up Kicks,128,71,73,-6,10,97,240,14,3,88,2011,0,1,0,0,0,1,0
115,142,Grouplove,Tongue Tied,113,94,56,-6,16,37,218,1,4,84,2011,0,0,1,0,0,1,0
116,143,Gym Class Heroes,Stereo Hearts (feat. Adam Levine),90,80,65,-3,27,80,211,3,10,87,2011,0,0,1,0,0,1,0
117,144,Hot Chelle Rae,Tonight Tonight,100,78,69,-5,16,81,200,8,12,79,2011,0,0,1,0,0,1,0
118,145,Jason Aldean,Dirt Road Anthem,127,74,68,-5,12,64,229,35,4,77,2011,0,1,0,0,0,0,1
119,146,Jason Derulo,It Girl,92,72,67,-5,10,35,192,2,6,76,2011,0,0,1,0,0,0,1
120,147,Jason Derulo,Don't Wanna Go Home,122,81,67,-5,13,64,206,2,7,68,2011,0,0,1,0,0,0,1
121,148,Jennifer Lopez,On The Floor,130,78,73,-5,7,57,285,11,5,84,2011,0,0,1,0,0,0,1
122,150,Jessie J,Do It Like A Dude,140,84,66,-4,36,38,195,5,5,53,2011,0,0,1,0,0,0,1
123,152,Katy Perry,Last Friday Night (T.G.I.F.),126,82,65,-4,67,77,231,0,4,80,2011,0,0,1,0,0,0,1
124,153,Katy Perry,Firework,124,83,64,-5,11,65,228,14,5,72,2011,0,0,1,0,0,0,1
125,157,Kesha,We R Who We R,120,82,74,-5,12,65,205,1,4,77,2011,0,0,1,0,0,0,1
126,158,Kesha,Blow,120,73,75,-4,7,81,220,0,4,75,2011,0,0,1,0,0,0,1
127,160,Lady A,Just A Kiss,143,64,59,-6,10,33,219,45,3,69,2011,0,1,0,0,0,1,0
128,161,Lady Gaga,Born This Way,124,83,59,-5,33,49,260,0,16,73,2011,0,0,1,0,0,0,1
129,162,Lady Gaga,The Edge Of Glory,128,77,58,-7,11,36,321,0,4,68,2011,0,0,1,0,0,0,1
130,165,LMFAO,Party Rock Anthem,130,73,75,-4,27,36,262,2,14,74,2011,0,0,1,0,0,1,0
131,166,LMFAO,Sexy And I Know It,130,86,71,-4,19,80,199,10,32,68,2011,0,0,1,0,0,1,0
132,168,Lykke Li,I Follow Rivers - The Magician Remix,122,70,79,-6,8,30,280,2,4,67,2011,0,0,1,0,0,0,1
133,172,Maroon 5,"Moves Like Jagger - Studio Recording From ""The Voice"" Performance",128,76,72,-4,31,62,201,1,5,75,2011,0,0,1,0,0,1,0
134,173,Miguel,Sure Thing,81,61,68,-8,19,50,195,3,10,84,2011,0,0,1,0,0,0,1
135,175,Nicki Minaj,Super Bass,127,86,72,-4,60,67,200,27,20,83,2011,0,0,1,0,0,0,1
136,176,Noah And The Whale,L.I.F.E.G.O.E.S.O.N.,82,75,60,-6,35,61,228,21,4,63,2011,0,1,0,0,0,1,0
137,177,Olly Murs,Heart Skips a Beat (feat. Rizzle Kicks),111,88,84,-4,8,88,202,14,6,66,2011,0,0,1,0,0,0,1
138,178,OneRepublic,Good Life,95,69,63,-8,13,65,253,8,5,78,2011,0,0,1,0,0,1,0
139,179,P!nk,Raise Your Glass,122,71,70,-5,3,62,203,0,8,81,2011,0,0,1,0,0,0,1
140,180,Pitbull,"Give Me Everything (feat. Ne-Yo, Afrojack & Nayer)",129,94,67,-3,30,53,252,19,16,86,2011,0,0,1,0,0,0,1
141,181,Pitbull,Hey Baby (Drop It to the Floor) (feat. T-Pain),128,91,60,-3,26,76,234,4,9,76,2011,0,0,1,0,0,0,1
142,183,Red Hot Chili Peppers,The Adventures of Rain Dance Maggie,106,73,68,-5,26,58,282,0,3,71,2011,0,0,0,0,1,1,0
143,184,Rihanna,S&M,128,68,77,-5,9,84,244,1,4,82,2011,0,0,1,0,0,0,1
144,185,Rihanna,We Found Love,128,77,74,-4,11,60,215,3,4,80,2011,0,0,1,0,0,0,1
145,186,Rihanna,What's My Name?,100,78,69,-3,8,56,263,18,7,75,2011,0,0,1,0,0,0,1
146,187,Rizzle Kicks,Down With The Trumpets,115,88,75,-5,24,79,187,9,8,65,2011,1,0,0,0,0,1,0
147,189,Selena Gomez & The Scene,Love You Like A Love Song,117,68,86,-4,7,92,188,8,5,85,2011,0,0,1,0,0,1,0
148,190,Selena Gomez & The Scene,Who Says,101,93,68,-3,15,74,196,8,5,81,2011,0,0,1,0,0,1,0
149,191,Snoop Dogg,Sweat - Remix,130,73,81,-6,8,73,196,6,3,73,2011,0,1,0,0,0,0,1
150,192,Swedish House Mafia,Save The World,127,67,51,-8,8,40,213,1,5,70,2011,0,0,1,0,0,1,0
151,194,The Band Perry,If I Die Young,131,50,61,-7,28,36,223,35,3,74,2011,0,1,0,0,0,1,0
152,195,The Wanted,Glad You Came,127,85,72,-4,11,45,198,3,6,83,2011,0,1,0,0,0,1,0
153,196,Usher,More - RedOne Jimmy Joker Remix,125,89,55,-3,35,79,220,0,5,72,2011,1,0,0,0,0,0,1
154,197,Waka Flocka Flame,No Hands (feat. Roscoe Dash & Wale),131,60,76,-6,24,36,264,1,4,81,2011,1,0,0,0,0,0,1
155,199,Wiz Khalifa,Roll Up,125,81,52,-5,9,60,228,5,19,68,2011,0,0,1,0,0,0,1
156,200,Adele,Skyfall,76,55,35,-7,11,8,286,42,3,80,2012,0,1,0,0,0,0,1
157,201,Adele,Rumour Has It,120,75,61,-5,17,57,223,62,4,72,2012,0,1,0,0,0,0,1
158,202,Alesso,Years,128,82,37,-6,17,32,195,0,8,53,2012,0,0,1,0,0,0,1
159,203,Alex Clare,Too Close,126,71,58,-4,11,29,257,1,4,67,2012,0,0,0,0,1,0,1
161,206,Asaf Avidan,One Day / Reckoning Song (Wankelmut Remix) - Radio Edit,119,67,83,-6,17,53,215,22,6,72,2012,0,0,1,0,0,0,1
162,207,Avicii,Levels - Radio Edit,126,89,58,-6,31,46,200,5,3,82,2012,0,0,1,0,0,0,1
163,208,Avicii,Silhouettes - Original Radio Edit,128,80,61,-6,12,84,212,16,5,68,2012,0,0,1,0,0,0,1
164,209,Azealia Banks,212,126,77,85,-6,8,62,205,1,26,73,2012,0,0,1,0,0,0,1
165,210,B.o.B,So Good,86,90,66,-5,22,59,213,4,14,70,2012,1,0,0,0,0,0,1
166,212,Bruno Mars,It Will Rain,150,84,58,-7,8,48,258,34,5,74,2012,0,0,1,0,0,0,1
167,213,Calvin Harris,Feel So Close - Radio Edit,128,92,71,-3,20,92,206,0,3,85,2012,0,0,1,0,0,0,1
168,214,Calvin Harris,Let's Go (feat. Ne-Yo),128,88,71,-3,29,88,233,1,6,71,2012,0,0,1,0,0,0,1
169,215,Calvin Harris,We'll Be Coming Back (feat. Example),128,95,60,-4,60,57,234,0,9,68,2012,0,0,1,0,0,0,1
170,216,Carly Rae Jepsen,Call Me Maybe,120,58,78,-7,11,66,193,1,4,76,2012,0,0,1,0,0,0,1
171,217,Carrie Underwood,Blown Away,137,84,53,-3,3,39,240,9,4,68,2012,0,1,0,0,0,0,1
172,218,Cher Lloyd,Want U Back,98,89,69,-3,56,56,215,6,9,71,2012,0,0,1,0,0,0,1
173,219,Chris Brown,Turn Up the Music,130,84,59,-6,16,64,228,0,10,69,2012,0,0,1,0,0,0,1
174,221,Coldplay,Princess of China,85,69,42,-6,29,24,239,0,3,72,2012,0,1,0,0,0,1,0
175,222,David Guetta,Turn Me On (feat. Nicki Minaj),128,79,71,-2,57,41,200,5,6,64,2012,0,1,0,0,0,0,1
176,223,DEV,In The Dark,125,82,74,-4,33,44,226,0,7,62,2012,0,0,1,0,0,0,1
177,224,Disclosure,Latch,122,74,73,-5,9,54,256,2,9,75,2012,0,1,0,0,0,1,0
179,226,Drake,Take Care,122,52,63,-10,9,30,277,3,27,81,2012,1,0,0,0,0,0,1
180,228,Ellie Goulding,Lights - Single Version,120,80,68,-6,13,78,211,3,4,68,2012,0,0,1,0,0,0,1
181,229,Flo Rida,Good Feeling,128,89,71,-4,31,68,248,6,7,81,2012,0,0,1,0,0,0,1
182,230,Florence + The Machine,Spectrum (Say My Name) - Calvin Harris Remix,126,95,58,-4,10,59,218,0,5,59,2012,0,0,1,0,0,1,0
183,231,Frank Ocean,Lost,123,60,91,-5,17,50,234,3,23,91,2012,0,1,0,0,0,0,1
184,232,Frank Ocean,Thinkin Bout You,130,34,72,-11,10,20,201,41,5,81,2012,0,1,0,0,0,0,1
185,234,fun.,Some Nights,108,74,67,-7,9,39,277,2,5,76,2012,0,0,1,0,0,1,0
186,235,Gotye,Somebody That I Used To Know,129,50,86,-7,10,72,245,59,4,81,2012,0,0,1,0,0,0,1
187,237,Gym Class Heroes,Ass Back Home (feat. Neon Hitch),130,84,72,-4,15,65,222,13,5,67,2012,0,0,1,0,0,1,0
188,239,Imagine Dragons,It's Time,105,88,66,-5,14,86,238,2,4,72,2012,0,0,0,0,1,1,0
189,240,Imagine Dragons,On Top Of The World,100,93,64,-6,9,76,190,9,15,72,2012,0,0,0,0,1,1,0
190,241,JAY-Z,Ni**as In Paris,140,86,79,-6,35,78,219,13,31,88,2012,1,0,0,0,0,0,1
191,242,Justin Bieber,Boyfriend,97,55,72,-6,13,33,171,4,5,68,2012,0,0,1,0,0,0,1
192,244,Karmin,Brokenhearted,120,77,77,-3,5,89,227,1,6,70,2012,0,0,1,0,0,1,0
193,245,Katy Perry,The One That Got Away,134,79,69,-4,20,86,227,0,4,78,2012,0,0,1,0,0,0,1
194,246,Katy Perry,Part Of Me,130,92,68,-5,7,77,216,0,4,78,2012,0,0,1,0,0,0,1
195,247,Kendrick Lamar,Swimming Pools (Drank) - Extended Version,74,49,72,-8,60,26,314,12,40,76,2012,1,0,0,0,0,0,1
196,248,Kendrick Lamar,m.A.A.d city,91,73,49,-7,44,22,350,5,27,73,2012,1,0,0,0,0,0,1
197,249,Kesha,Die Young,128,70,71,-5,22,80,212,0,5,83,2012,0,0,1,0,0,0,1
198,250,Kesha,C'Mon,126,78,56,-5,10,29,214,1,10,67,2012,0,0,1,0,0,0,1
199,251,Lana Del Rey,Ride,94,69,37,-6,38,19,289,13,3,64,2012,0,0,1,0,0,0,1
200,252,Lana Del Rey,Video Games,122,25,39,-10,9,18,282,81,3,63,2012,0,0,1,0,0,0,1
201,253,Lana Del Rey,Born To Die,86,63,39,-7,20,40,286,20,4,62,2012,0,0,1,0,0,0,1
202,255,LMFAO,Sexy And I Know It,130,86,71,-4,19,80,199,10,32,68,2012,0,0,1,0,0,1,0
203,256,Lupe Fiasco,Battle Scars (with Guy Sebastian),168,81,52,-5,11,49,250,19,29,74,2012,0,0,0,1,0,0,1
204,257,MARINA,Primadonna,128,69,66,-3,9,43,221,9,3,84,2012,0,0,1,0,0,0,1
205,258,MARINA,How to Be a Heartbreaker,140,90,69,-5,11,85,221,1,5,77,2012,0,0,1,0,0,0,1
206,259,Maroon 5,One More Night,93,82,72,-3,8,61,219,4,3,74,2012,0,0,1,0,0,1,0
207,260,Maroon 5,Payphone,110,76,74,-5,37,52,231,1,4,69,2012,0,0,1,0,0,1,0
208,264,Nicki Minaj,Starships,125,72,75,-2,25,75,211,14,8,78,2012,0,0,1,0,0,0,1
209,265,Nicki Minaj,Pound The Alarm,125,86,73,-4,2,59,206,4,6,69,2012,0,0,1,0,0,0,1
210,266,Of Monsters and Men,Dirty Paws,112,65,36,-7,6,13,278,11,3,74,2012,0,0,1,0,0,1,0
211,267,Olly Murs,Troublemaker (feat. Flo Rida),106,86,76,-4,13,97,186,2,6,80,2012,0,0,1,0,0,0,1
212,268,One Direction,What Makes You Beautiful,125,79,73,-2,6,89,200,1,7,88,2012,0,1,0,0,0,1,0
213,269,One Direction,Live While We're Young,126,86,66,-2,14,93,200,5,5,79,2012,0,1,0,0,0,1,0
214,270,Otto Knows,Million Voices - Radio Edit,126,89,58,-6,7,7,193,0,4,75,2012,0,1,0,0,0,0,1
215,272,P!nk,Blow Me (One Last Kiss),114,92,60,-3,28,73,256,0,4,71,2012,0,0,1,0,0,0,1
216,273,Passion Pit,Take a Walk,101,76,57,-6,32,45,264,3,4,74,2012,0,1,0,0,0,1,0
217,274,Phillip Phillips,"Gone, Gone, Gone",118,64,66,-6,11,50,210,13,4,76,2012,0,0,1,0,0,0,1
218,275,Phillip Phillips,Home,121,83,61,-6,12,32,210,3,3,73,2012,0,0,1,0,0,0,1
219,276,PSY,Gangnam Style (강남스타일),132,94,73,-3,9,75,219,0,29,77,2012,0,0,1,0,0,0,1
220,277,Rihanna,We Found Love,128,77,74,-4,11,60,215,3,4,80,2012,0,0,1,0,0,0,1
221,278,Rihanna,Where Have You Been,128,85,72,-6,22,44,243,0,9,76,2012,0,0,1,0,0,0,1
222,280,Rizzle Kicks,Mama Do The Hump,98,89,72,-4,7,56,216,1,13,61,2012,1,0,0,0,0,1,0
223,281,Robbie Williams,Candy,116,79,72,-7,7,88,201,4,4,73,2012,0,0,1,0,0,0,1
224,282,Rudimental,Feel the Love (feat. John Newman),180,71,39,-7,69,24,245,0,6,52,2012,0,0,1,0,0,1,0
225,283,ScHoolboy Q,Hands on the Wheel (feat. Asap Rocky),128,78,65,-7,7,18,197,2,11,67,2012,0,0,0,1,0,0,1
226,284,Skrillex,Bangarang (feat. Sirah),110,97,72,-2,32,58,215,1,20,75,2012,0,1,0,0,0,0,1
227,285,Snoop Dogg,"Young, Wild & Free (feat. Bruno Mars)",95,66,72,-6,12,53,207,5,14,82,2012,0,1,0,0,0,0,1
228,286,Swedish House Mafia,Don't You Worry Child - Radio Edit,129,84,61,-3,12,44,213,11,5,81,2012,0,0,1,0,0,1,0
229,287,Taylor Swift,I Knew You Were Trouble.,77,47,62,-7,3,68,220,0,4,82,2012,0,0,1,0,0,0,1
230,288,Taylor Swift,We Are Never Ever Getting Back Together,86,68,63,-6,12,75,193,1,9,80,2012,0,0,1,0,0,0,1
231,290,The Wanted,Chasing The Sun,128,73,64,-6,50,68,199,24,10,74,2012,0,1,0,0,0,1,0
232,291,The xx,Angels,92,16,42,-18,10,34,172,95,4,68,2012,0,1,0,0,0,1,0
233,292,Train,Drive By,122,84,77,-3,8,72,196,0,3,82,2012,0,0,1,0,0,1,0
234,293,Train,50 Ways to Say Goodbye,140,94,59,-3,14,74,248,0,5,73,2012,0,0,1,0,0,1,0
235,294,Trey Songz,Heart Attack,150,86,61,-5,23,48,233,6,13,61,2012,0,0,1,0,0,0,1
236,295,Tyga,Rack City,99,34,93,-11,19,27,203,4,37,67,2012,0,0,1,0,0,0,1
237,296,Tyga,Faded,95,67,83,-8,35,34,207,1,19,63,2012,0,0,1,0,0,0,1
238,297,Usher,Climax,136,48,65,-9,16,33,233,55,8,65,2012,1,0,0,0,0,0,1
239,298,WALK THE MOON,Anna Sun,140,84,47,-7,24,34,321,0,5,68,2012,0,0,1,0,0,1,0
240,299,Wiz Khalifa,"Work Hard, Play Hard",140,67,79,-4,30,49,219,4,5,67,2012,0,0,1,0,0,0,1
241,301,A$AP Rocky,"F**kin' Problems (feat. Drake, 2 Chainz & Kendrick Lamar)",96,69,85,-7,11,66,234,2,28,81,2013,1,0,0,0,0,0,1
242,304,Ariana Grande,The Way,82,88,65,-3,8,86,227,29,11,71,2013,0,0,1,0,0,0,1
243,306,Avicii,I Could Be The One (Avicii Vs. Nicky Romero) - Radio Edit,128,79,51,-4,32,64,208,33,4,73,2013,0,0,1,0,0,0,1
244,308,AWOLNATION,Sail,119,44,83,-10,10,27,259,44,6,80,2013,0,1,0,0,0,1,0
245,309,Baauer,Harlem Shake,138,79,45,-5,42,28,197,1,5,63,2013,0,0,0,1,0,0,1
246,310,Bastille,Pompeii,127,72,68,-6,27,57,214,8,4,80,2013,0,0,1,0,0,1,0
247,311,Bastille,Of The Night,125,83,67,-7,9,35,214,2,4,66,2013,0,0,1,0,0,1,0
248,312,Bingo Players,Get Up (Rattle),128,98,80,-3,26,80,167,2,7,61,2013,0,1,0,0,0,1,0
249,313,Blake Shelton,Sure Be Cool If You Did,137,73,58,-5,11,58,216,26,4,61,2013,0,1,0,0,0,0,1
250,314,Bridgit Mendler,Ready or Not,93,87,72,-4,11,75,201,0,5,77,2013,0,0,1,0,0,0,1
251,315,Britney Spears,Work Bitch,128,82,63,-7,7,85,248,16,16,76,2013,0,0,1,0,0,0,1
252,317,Bruno Mars,When I Was Your Man,73,28,61,-9,9,39,214,93,4,89,2013,0,0,1,0,0,0,1
253,318,Bruno Mars,Treasure,116,69,87,-5,32,94,179,4,4,83,2013,0,0,1,0,0,0,1
254,320,Calvin Harris,I Need Your Love (feat. Ellie Goulding),125,87,70,-5,24,58,235,41,5,75,2013,0,0,1,0,0,0,1
255,321,Calvin Harris,Thinking About You (feat. Ayah Marar),128,87,73,-4,10,75,248,0,4,71,2013,0,0,1,0,0,0,1
256,322,Calvin Harris,Drinking from the Bottle (feat. Tinie Tempah),128,89,67,-4,5,53,240,5,5,67,2013,0,0,1,0,0,0,1
257,323,Capital Cities,Safe And Sound,118,82,66,-5,10,77,193,0,3,87,2013,0,0,1,0,0,1,0
258,325,Chris Brown,Fine China,104,73,65,-5,12,59,213,4,6,66,2013,0,0,1,0,0,0,1
259,326,CHVRCHES,The Mother We Share,174,69,46,-6,13,34,191,3,3,61,2013,0,0,1,0,0,1,0
260,327,Ciara,Body Party,134,58,58,-6,60,12,234,1,6,70,2013,0,0,1,0,0,0,1
261,328,Daft Punk,Get Lucky (feat. Pharrell Williams & Nile Rodgers) - Radio Edit,116,81,79,-9,10,86,248,4,4,88,2013,0,1,0,0,0,1,0
262,329,Daft Punk,Lose Yourself to Dance (feat. Pharrell Williams),100,66,83,-8,8,67,354,8,6,74,2013,0,1,0,0,0,1,0
263,330,David Guetta,Play Hard (feat. Ne-Yo & Akon),130,92,69,-2,33,80,201,17,5,65,2013,0,1,0,0,0,0,1
264,333,Drake,"Hold On, We're Going Home",100,41,78,-7,7,29,228,0,9,76,2013,1,0,0,0,0,0,1
265,334,Drake,Started From the Bottom,86,52,79,-8,16,58,174,3,16,71,2013,1,0,0,0,0,0,1
266,335,Duke Dumont,Need U (100%) (feat. A*M*E) - Radio Edit,124,85,67,-5,39,46,174,0,5,65,2013,0,1,0,0,0,0,1
267,336,Eminem,The Monster,110,85,78,-4,12,62,250,5,7,81,2013,1,0,0,0,0,0,1
268,337,Eminem,Berzerk,95,87,74,-4,26,68,239,2,33,72,2013,1,0,0,0,0,0,1
269,339,Flo Rida,I Cry,126,82,69,-5,32,76,224,1,4,69,2013,0,0,1,0,0,0,1
270,340,Florida Georgia Line,Cruise,148,95,46,-3,5,88,209,2,4,63,2013,0,1,0,0,0,1,0
271,344,J. Cole,Power Trip (feat. Miguel),100,61,67,-7,43,48,241,32,22,81,2013,1,0,0,0,0,0,1
272,345,Jason Derulo,Talk Dirty (feat. 2 Chainz),100,65,76,-7,31,76,178,3,23,71,2013,0,0,1,0,0,0,1
273,346,Jason Derulo,The Other Side,128,84,56,-4,14,52,227,5,10,66,2013,0,0,1,0,0,0,1
274,348,John Newman,Love Me Again,126,89,50,-5,10,21,240,0,4,69,2013,0,0,1,0,0,0,1
275,349,Justin Bieber,Beauty And A Beat,128,84,60,-5,7,53,228,0,6,78,2013,0,0,1,0,0,0,1
276,351,Justin Timberlake,Suit & Tie (feat. Jay-Z),102,60,80,-4,16,36,326,10,22,72,2013,0,0,1,0,0,0,1
277,352,Kanye West,Black Skinhead,130,81,77,-6,17,33,188,0,28,80,2013,0,0,0,1,0,0,1
278,353,Katy Perry,This Is How We Do,96,64,69,-6,15,80,204,2,5,66,2013,0,0,1,0,0,0,1
279,354,Klangkarussell,Sonnentanz - Sun Don't Shine,120,54,59,-8,11,17,236,11,9,56,2013,0,0,1,0,0,1,0
280,356,Kodaline,High Hopes,77,49,49,-6,19,22,230,58,3,73,2013,0,0,1,0,0,1,0
281,358,Lil Wayne,Love Me,125,63,67,-6,9,50,255,1,3,73,2013,1,0,0,0,0,0,1
282,359,Lily Allen,Somewhere Only We Know,81,29,31,-11,10,29,209,93,3,56,2013,0,0,1,0,0,0,1
283,360,Lorde,Royals,85,43,67,-10,13,34,190,12,12,83,2013,0,0,1,0,0,0,1
284,361,Lorde,Team,100,58,69,-7,31,42,193,17,9,82,2013,0,0,1,0,0,0,1
285,362,Macklemore & Ryan Lewis,Can't Hold Us (feat. Ray Dalton),146,92,64,-4,9,85,258,3,8,87,2013,0,0,1,0,0,1,0
286,363,Macklemore & Ryan Lewis,Thrift Shop (feat. Wanz),95,53,78,-7,5,67,236,6,29,79,2013,0,0,1,0,0,1,0
287,364,Macklemore & Ryan Lewis,Same Love (feat. Mary Lambert),85,47,69,-9,10,30,319,72,17,69,2013,0,0,1,0,0,1,0
288,365,Maroon 5,Daylight,120,68,66,-6,21,33,225,0,3,66,2013,0,0,1,0,0,1,0
289,366,Martin Garrix,Animals - Radio Edit,128,91,59,-5,7,4,176,0,4,64,2013,0,0,1,0,0,0,1
290,368,Miley Cyrus,We Can't Stop,80,62,61,-6,37,48,231,1,3,83,2013,0,0,1,0,0,0,1
291,369,Mumford & Sons,I Will Wait,131,76,48,-5,31,45,277,1,3,73,2013,0,0,0,0,1,1,0
292,370,Naughty Boy,La La La,125,68,75,-4,11,25,221,11,3,63,2013,0,1,0,0,0,0,1
293,373,One Direction,Best Song Ever,118,88,65,-3,8,49,200,2,5,81,2013,0,1,0,0,0,1,0
294,376,Paramore,Still into You,136,92,60,-4,6,77,216,1,4,85,2013,0,0,1,0,0,1,0
295,377,Paramore,Ain't It Fun,104,89,61,-4,2,67,297,15,9,78,2013,0,0,1,0,0,1,0
296,378,Phillip Phillips,Home,121,83,61,-6,12,32,210,3,3,73,2013,0,0,1,0,0,0,1
297,379,Pitbull,Feel This Moment (feat. Christina Aguilera),136,76,67,-4,34,54,230,4,16,82,2013,0,0,1,0,0,0,1
298,380,Pitbull,Don't Stop the Party (feat. TJR),127,96,72,-4,38,95,206,1,9,69,2013,0,0,1,0,0,0,1
299,381,Robin Thicke,Blurred Lines,120,50,86,-8,8,88,263,0,5,61,2013,0,1,0,0,0,0,1
300,382,Rudimental,Waiting All Night (feat. Ella Eyre),175,73,54,-5,43,28,293,0,5,50,2013,0,0,1,0,0,0,1
301,383,Sebastian Ingrosso,Reload - Radio Edit,128,72,49,-5,6,43,221,7,5,73,2013,0,0,1,0,0,0,1
302,384,Selena Gomez,Come & Get It,80,79,55,-4,8,57,232,1,5,75,2013,0,0,1,0,0,0,1
303,386,Stromae,Papaoutai,116,81,73,-7,6,25,232,3,8,60,2013,0,0,1,0,0,0,1
304,387,Taylor Swift,I Knew You Were Trouble.,77,47,62,-7,3,68,220,0,4,82,2013,0,0,1,0,0,0,1
305,388,Taylor Swift,22,104,73,66,-7,5,67,232,0,4,74,2013,0,0,1,0,0,0,1
306,389,Taylor Swift,Everything Has Changed,80,46,62,-7,31,44,245,36,3,71,2013,0,0,1,0,0,0,1
307,390,The 1975,Chocolate,100,94,59,-4,38,68,225,0,5,66,2013,0,0,0,0,1,1,0
308,391,The Lumineers,Ho Hey,80,47,69,-9,9,35,163,79,3,77,2013,0,0,1,0,0,1,0
309,392,The Neighbourhood,Sweater Weather,124,81,61,-3,10,40,240,5,3,95,2013,0,0,0,0,1,1,0
310,393,The Saturdays,What About Us,124,68,70,-5,21,69,221,1,6,67,2013,0,1,0,0,0,1,0
311,394,Tom Odell,Another Love,123,54,45,-9,9,13,244,70,4,94,2013,0,0,1,0,0,0,1
312,395,Wale,Bad (feat. Rihanna) - Remix,114,70,81,-7,11,45,239,31,7,67,2013,0,0,0,1,0,0,1
313,396,will.i.am,Scream & Shout,130,69,77,-7,13,50,283,2,7,83,2013,0,0,1,0,0,0,1
314,397,will.i.am,#thatPOWER,128,61,80,-6,7,40,280,0,6,74,2013,0,0,1,0,0,0,1
315,398,Ylvis,The Fox (What Does the Fox Say?),128,87,70,-4,12,55,214,11,5,68,2013,0,1,0,0,0,1,0
316,401,5 Seconds of Summer,Amnesia,102,50,57,-5,21,11,237,3,3,71,2014,0,1,0,0,0,1,0
317,402,Alesso,Heroes (we could be),126,75,52,-4,24,35,210,4,6,58,2014,0,0,1,0,0,0,1
318,403,Aloe Blacc,The Man,82,77,31,-7,21,49,255,3,7,63,2014,0,0,1,0,0,0,1
319,404,American Authors,Best Day Of My Life,100,90,67,-2,6,54,194,6,3,83,2014,0,0,1,0,0,1,0
320,406,Ariana Grande,Problem,103,81,66,-5,16,63,194,2,15,78,2014,0,0,1,0,0,0,1
321,407,Ariana Grande,Break Free,130,70,69,-5,20,28,215,1,5,80,2014,0,0,1,0,0,0,1
322,409,Becky G,Shower,120,53,70,-8,28,12,206,3,5,83,2014,0,0,1,0,0,0,1
323,410,Beyoncé,Drunk in Love (feat. Jay-Z),140,62,59,-7,18,40,323,1,5,75,2014,0,0,1,0,0,0,1
324,411,Bobby Shmurda,Hot N*gga,168,51,79,-7,6,18,195,5,42,78,2014,0,0,0,1,0,0,1
325,412,Calvin Harris,Summer,128,86,60,-4,14,74,223,2,3,86,2014,0,0,1,0,0,0,1
326,416,Chris Brown,Loyal (feat. Lil Wayne & Tyga),99,52,84,-6,19,62,265,2,5,78,2014,0,0,1,0,0,0,1
327,417,Chris Brown,New Flame (feat. Usher & Rick Ross),142,63,70,-4,10,45,244,5,4,73,2014,0,0,1,0,0,0,1
328,418,Clean Bandit,Rather Be (feat. Jess Glynne),121,59,80,-7,19,55,228,16,4,77,2014,0,0,1,0,0,1,0
329,419,Cold War Kids,First,78,69,47,-4,52,56,200,2,3,71,2014,0,0,0,0,1,1,0
330,420,Coldplay,Magic,93,48,74,-9,11,35,285,3,4,78,2014,0,1,0,0,0,1,0
331,424,Disclosure,Latch,122,74,73,-5,9,54,256,2,9,75,2014,0,1,0,0,0,1,0
332,425,DJ Snake,Turn Down for What,100,80,82,-4,6,8,214,0,16,76,2014,0,0,1,0,0,0,1
333,427,Duke Dumont,I Got U,121,76,64,-8,9,46,286,0,4,65,2014,0,1,0,0,0,0,1
334,428,Echosmith,Cool Kids,130,67,72,-6,12,79,238,4,3,76,2014,0,0,1,0,0,1,0
335,429,Ed Sheeran,Don't,95,61,81,-7,64,85,220,1,7,78,2014,0,0,1,0,0,0,1
336,430,Ed Sheeran,Sing,120,67,82,-4,6,94,235,30,5,75,2014,0,0,1,0,0,0,1
337,431,G.R.L.,Ugly Heart,125,79,65,-5,32,45,198,2,5,70,2014,0,0,1,0,0,1,0
338,432,George Ezra,Budapest,128,46,72,-8,11,39,201,8,3,83,2014,0,0,1,0,0,0,1
339,433,George Ezra,Blame It on Me,104,76,54,-3,34,42,196,47,3,73,2014,0,0,1,0,0,0,1
340,435,Iggy Azalea,Fancy,95,72,91,-4,5,38,200,9,7,74,2014,1,0,0,0,0,0,1
341,437,Jason Derulo,Talk Dirty (feat. 2 Chainz),100,65,76,-7,31,76,178,3,23,71,2014,0,0,1,0,0,0,1
342,438,Jason Derulo,Wiggle (feat. Snoop Dogg),82,62,70,-7,16,72,193,8,25,63,2014,0,0,1,0,0,0,1
343,439,Jason Derulo,Trumpets,82,69,64,-5,10,64,217,56,26,69,2014,0,0,1,0,0,0,1
344,440,Jeremih,Don't Tell 'Em,98,53,86,-5,11,39,267,39,10,80,2014,0,0,0,1,0,0,1
345,444,Katy Perry,Dark Horse,132,59,65,-6,17,35,216,0,5,79,2014,0,0,1,0,0,0,1
346,445,Kid Ink,Show Me (feat. Chris Brown),98,51,71,-7,14,66,218,4,5,74,2014,0,0,1,0,0,0,1
347,446,Kiesza,Hideaway,123,72,84,-4,8,20,252,9,5,70,2014,0,0,1,0,0,0,1
348,448,Labrinth,Jealous,117,15,44,-9,11,10,288,87,5,82,2014,0,0,1,0,0,0,1
349,449,Lilly Wood and The Prick,Prayer in C - Robin Schulz Radio Edit,123,88,76,-6,60,80,189,2,3,77,2014,0,0,1,0,0,1,0
350,450,Lorde,Team,100,58,69,-7,31,42,193,17,9,82,2014,0,0,1,0,0,0,1
351,452,Maroon 5,Maps,120,71,74,-6,6,88,190,2,3,87,2014,0,0,1,0,0,1,0
352,453,Maroon 5,Animals,190,74,28,-6,59,33,231,0,9,85,2014,0,0,1,0,0,1,0
353,454,Maroon 5,Sugar,120,79,75,-7,9,88,235,6,3,85,2014,0,0,1,0,0,1,0
354,455,Meghan Trainor,All About That Bass,134,89,81,-4,12,96,188,6,5,78,2014,0,0,1,0,0,0,1
355,456,Milky Chance,Stolen Dance,114,58,89,-9,8,73,314,43,4,78,2014,0,0,1,0,0,1,0
356,457,MKTO,Classic,102,79,72,-5,16,76,175,4,12,87,2014,0,0,1,0,0,1,0
357,458,Mr. Probz,Waves - Robin Schulz Radio Edit,120,51,83,-9,8,45,208,1,4,82,2014,1,0,0,0,0,0,1
358,459,Natalie La Rose,Somebody,105,52,83,-9,7,74,190,0,4,71,2014,0,0,0,1,0,0,1
359,460,Nick Jonas,Jealous - Remix,93,71,68,-4,44,45,222,1,8,71,2014,0,0,1,0,0,0,1
360,461,Nicki Minaj,Anaconda,130,61,96,-6,21,65,260,7,18,70,2014,0,0,1,0,0,0,1
361,462,Nico & Vinz,Am I Wrong,120,68,73,-6,55,78,246,18,3,82,2014,0,0,0,1,0,1,0
362,463,O.T. Genasis,CoCo,120,63,89,-6,31,18,240,0,13,66,2014,0,0,0,1,0,0,1
363,465,Olly Murs,Wrapped Up,122,84,79,-5,16,92,186,9,6,68,2014,0,0,1,0,0,0,1
364,466,Omarion,Post to Be (feat. Chris Brown & Jhene Aiko),97,68,73,-6,21,70,227,7,4,60,2014,0,0,1,0,0,0,1
365,467,One Direction,Night Changes,120,52,67,-8,12,37,227,86,4,88,2014,0,1,0,0,0,1,0
366,469,OneRepublic,Counting Stars,122,71,66,-5,12,48,258,7,4,80,2014,0,0,1,0,0,1,0
367,470,OneRepublic,Love Runs Out,120,94,72,-4,10,74,224,17,6,65,2014,0,0,1,0,0,1,0
368,472,Paramore,Ain't It Fun,104,89,61,-4,2,67,297,15,9,78,2014,0,0,1,0,0,1,0
369,473,Peking Duk,High (feat. Nicole Millar),100,80,53,-4,29,38,228,0,5,54,2014,0,1,0,0,0,1,0
370,475,Pitbull,Timber (feat. Ke$ha),130,96,58,-4,14,79,204,3,10,86,2014,0,0,1,0,0,0,1
371,477,Route 94,My Love (feat. Jess Glynne),120,62,81,-8,7,73,260,0,5,78,2014,0,1,0,0,0,0,1
372,478,Sam Smith,Stay With Me,84,42,42,-6,11,18,173,59,4,86,2014,0,0,1,0,0,0,1
373,479,Sam Smith,Money On My Mind,134,84,69,-5,23,74,193,20,18,67,2014,0,0,1,0,0,0,1
374,480,ScHoolboy Q,Collard Greens,154,57,83,-5,21,65,300,3,6,84,2014,0,0,0,1,0,0,1
375,481,ScHoolboy Q,Man Of The Year,112,87,75,-5,20,37,216,1,4,76,2014,0,0,0,1,0,0,1
376,483,Sia,Chandelier,117,79,40,-3,7,57,216,2,5,73,2014,0,1,0,0,0,0,1
377,484,Sia,Elastic Heart,130,79,42,-5,15,50,257,1,5,68,2014,0,1,0,0,0,0,1
378,485,Sigma,Nobody To Love,88,91,52,-3,20,23,190,0,4,55,2014,0,0,1,0,0,0,1
379,486,Taylor Swift,Style,95,79,59,-6,12,49,231,0,4,66,2014,0,0,1,0,0,0,1
380,487,Taylor Swift,Bad Blood,170,79,65,-6,20,29,212,9,19,60,2014,0,0,1,0,0,0,1
381,488,Taylor Swift,Shake It Off,160,79,65,-5,15,94,219,6,17,77,2014,0,0,1,0,0,0,1
382,489,The Chainsmokers,#SELFIE,128,92,79,-3,8,66,184,1,25,69,2014,0,0,1,0,0,1,0
383,491,Tiësto,Wasted,112,82,64,-6,20,39,190,0,3,68,2014,0,1,0,0,0,0,1
384,492,Tiësto,Red Lights,125,83,65,-5,12,55,262,0,4,72,2014,0,1,0,0,0,0,1
385,493,Tinashe,2 On (feat. ScHoolboy Q),101,60,74,-8,11,43,227,15,11,77,2014,0,1,0,0,0,0,1
386,494,Tove Lo,Habits (Stay High),110,65,73,-4,8,35,209,7,3,78,2014,0,0,1,0,0,0,1
387,495,Tove Lo,Talking Body,120,76,74,-5,8,11,238,10,3,72,2014,0,0,1,0,0,0,1
388,496,Trey Songz,Na Na,97,48,67,-6,10,24,232,33,4,68,2014,0,0,1,0,0,0,1
389,497,Vance Joy,Riptide,102,73,48,-7,15,51,204,43,4,83,2014,0,0,1,0,0,0,1
390,498,Zedd,Stay The Night - Featuring Hayley Williams Of Paramore,128,74,60,-3,9,46,217,11,4,69,2014,0,1,0,0,0,0,1
391,499,ZHU,Faded,125,48,87,-7,11,61,223,1,5,66,2014,0,1,0,0,0,0,1
392,500,Adam Lambert,Ghost Town,120,74,70,-6,17,27,208,19,5,69,2015,0,0,1,0,0,0,1
393,501,Alessia Cara,Here,120,82,38,-4,8,33,199,8,10,71,2015,0,1,0,0,0,0,1
394,502,Andy Grammer,"Honey, I'm Good.",122,78,75,-7,35,60,199,3,5,78,2015,0,0,1,0,0,0,1
395,503,Ariana Grande,Love Me Harder,99,71,47,-4,8,24,236,1,3,79,2015,0,0,1,0,0,0,1
396,505,Avicii,Waiting For Love,128,74,58,-4,20,61,231,31,5,84,2015,0,0,1,0,0,0,1
397,506,Beyoncé,0.6364,136,71,75,-5,13,56,214,1,13,74,2015,0,0,1,0,0,0,1
398,507,Big Sean,I Don't Fuck With You,98,73,82,-5,33,40,284,4,6,80,2015,1,0,0,0,0,0,1
399,508,BØRNS,Electric Love,120,80,61,-8,26,52,218,1,5,86,2015,0,0,0,0,1,0,1
400,509,Bryson Tiller,Don't,97,36,77,-6,10,19,198,22,20,83,2015,1,0,0,0,0,0,1
401,510,Calvin Harris,Outside (feat. Ellie Goulding),128,82,65,-4,32,42,227,21,4,82,2015,0,0,1,0,0,0,1
402,511,Calvin Harris,How Deep Is Your Love,122,87,74,-4,39,34,213,4,7,80,2015,0,0,1,0,0,0,1
403,512,Chris Brown,Ayo,98,56,82,-5,9,68,225,4,4,76,2015,0,0,1,0,0,0,1
404,514,Demi Lovato,Confident,130,75,59,-6,9,34,206,0,7,69,2015,0,0,1,0,0,0,1
405,515,Deorro,Five More Hours,128,88,70,-3,82,50,212,3,22,74,2015,0,0,1,0,0,0,1
406,516,Disclosure,Omen - Radio Edit,106,79,67,-5,36,62,197,12,14,68,2015,0,1,0,0,0,1,0
407,518,Drake,Hotline Bling,135,63,89,-8,5,55,267,0,6,82,2015,1,0,0,0,0,0,1
408,520,Ed Sheeran,Thinking out Loud,79,45,78,-6,18,59,282,47,3,86,2015,0,0,1,0,0,0,1
409,522,Ellie Goulding,On My Mind,155,71,70,-7,9,74,213,26,5,69,2015,0,0,1,0,0,0,1
410,524,Fetty Wap,679 (feat. Remy Boyz),190,72,62,-6,63,60,197,0,32,79,2015,0,0,0,1,0,0,1
411,526,Fetty Wap,My Way (feat. Monty),128,74,75,-3,15,54,213,0,5,71,2015,0,0,0,1,0,0,1
412,527,Flo Rida,My House,94,70,69,-5,13,74,192,2,5,81,2015,0,0,1,0,0,0,1
413,529,Foals,Mountain at My Gates,104,93,50,-5,25,62,244,0,5,69,2015,0,0,0,0,1,1,0
414,530,Galantis,Runaway (U & I),126,81,51,-4,9,38,227,1,5,79,2015,0,0,1,0,0,1,0
415,531,George Ezra,Barcelona,94,57,63,-9,11,18,189,32,3,70,2015,0,0,1,0,0,0,1
416,532,Hailee Steinfeld,Love Myself,123,76,62,-7,42,32,219,0,7,75,2015,0,0,1,0,0,0,1
417,536,Jidenna,Classic Man (feat. Roman GianArthur),94,59,79,-6,29,59,226,19,3,63,2015,1,0,0,0,0,0,1
418,537,Justin Bieber,What Do You Mean?,125,57,85,-8,8,79,206,59,10,81,2015,0,0,1,0,0,0,1
419,539,Kendrick Lamar,King Kunta,107,66,88,-5,15,49,235,1,10,79,2015,1,0,0,0,0,0,1
420,540,Kygo,Stole the Show,100,64,64,-8,32,48,223,27,23,78,2015,0,1,0,0,0,0,1
421,542,Lana Del Rey,High By The Beach,132,49,54,-11,12,10,258,24,3,71,2015,0,0,1,0,0,0,1
422,544,Lemaitre,Closer,92,79,58,-4,12,36,271,0,3,64,2015,0,1,0,0,0,1,0
423,545,Luke Christopher,Lot to Learn,82,85,41,-4,7,60,248,9,20,66,2015,0,0,0,1,0,0,1
424,546,Major Lazer,Lean On,98,81,72,-3,56,27,177,0,6,76,2015,0,0,1,0,0,1,0
425,547,Major Lazer,Light It Up - Remix,108,88,75,-4,23,75,166,4,7,71,2015,0,0,1,0,0,1,0
426,548,Mark Ronson,Uptown Funk (feat. Bruno Mars),115,61,86,-7,3,93,270,1,8,86,2015,0,0,1,0,0,0,1
427,549,Martin Solveig,Intoxicated - Radio Edit,125,69,79,-4,10,50,160,0,4,62,2015,0,0,1,0,0,0,1
428,550,Meek Mill,All Eyes on You (feat. Chris Brown & Nicki Minaj),78,66,59,-5,12,25,224,2,20,73,2015,1,0,0,0,0,0,1
429,551,Mumford & Sons,Believe,114,62,36,-7,22,42,221,3,4,61,2015,0,0,0,0,1,1,0
430,552,Natalie La Rose,Somebody,105,52,83,-9,7,74,190,0,4,69,2015,0,0,0,1,0,0,1
431,553,Nico & Vinz,That's How You Know (feat. Kid Ink & Bebe Rexha),104,44,77,-6,12,74,186,44,4,62,2015,0,0,0,1,0,1,0
432,554,Oh Wonder,Drive,142,46,66,-8,8,38,196,71,10,65,2015,0,0,1,0,0,1,0
433,555,Omarion,Post to Be (feat. Chris Brown & Jhene Aiko),97,68,73,-6,21,70,227,7,4,76,2015,0,0,1,0,0,0,1
434,556,One Direction,Drag Me Down,138,70,73,-6,7,60,192,11,4,84,2015,0,1,0,0,0,1,0
435,557,One Direction,Perfect,100,82,65,-5,12,40,230,6,8,81,2015,0,1,0,0,0,1,0
436,558,Petit Biscuit,Sunset Lover,91,47,78,-9,11,24,238,73,5,75,2015,0,1,0,0,0,0,1
437,559,Philip George,Wish You Were Mine - Radio Edit,123,83,65,-4,10,41,178,1,3,70,2015,0,1,0,0,0,0,1
438,560,Pitbull,Time of Our Lives,124,80,72,-6,69,72,229,9,6,85,2015,0,0,1,0,0,0,1
439,561,Rae Sremmurd,No Type,125,49,89,-8,9,24,200,2,16,77,2015,1,0,0,0,0,1,0
440,562,Rich Homie Quan,"Flex (Ooh, Ooh, Ooh)",82,61,73,-8,19,89,177,4,5,70,2015,1,0,0,0,0,0,1
441,564,Rihanna,Bitch Better Have My Money,103,73,78,-5,26,40,219,5,6,78,2015,0,0,1,0,0,0,1
442,565,Rob $tone,Chill Bill (feat. J. Davi$ & Spooks),108,43,89,-10,9,23,177,3,14,81,2015,0,0,0,1,0,0,1
443,566,Robin Schulz,Sugar (feat. Francesco Yates),123,82,64,-5,16,64,219,2,6,81,2015,0,0,1,0,0,0,1
444,569,SAYGRACE,You Don't Own Me (feat. G-Eazy),186,66,34,-6,6,29,199,17,10,60,2015,0,0,1,0,0,0,1
445,570,Selena Gomez,Same Old Love,98,59,67,-4,21,44,229,2,3,70,2015,0,0,1,0,0,0,1
446,571,Selena Gomez,Hands To Myself,111,50,81,-7,34,47,201,1,12,68,2015,0,0,1,0,0,0,1
447,572,Selena Gomez,Good For You,89,68,61,-6,9,21,222,18,5,62,2015,0,0,1,0,0,0,1
448,573,Sheppard,Geronimo,142,78,71,-6,12,46,218,46,8,68,2015,0,1,0,0,0,1,0
449,574,Sigala,Easy Love,124,94,68,-4,12,65,230,18,6,70,2015,0,0,1,0,0,0,1
450,575,Snakehips,All My Friends (feat. Tinashe & Chance the Rapper),95,52,68,-6,11,18,230,12,14,77,2015,0,1,0,0,0,1,0
451,576,Tame Impala,The Less I Know The Better,117,74,64,-4,17,79,216,1,3,88,2015,0,1,0,0,0,1,0
452,577,Taylor Swift,Blank Space,96,68,75,-5,13,58,232,9,6,79,2015,0,0,1,0,0,0,1
453,578,Taylor Swift,Wildest Dreams,140,67,55,-7,11,47,220,7,7,76,2015,0,0,1,0,0,0,1
454,580,Taylor Swift,Style,95,79,60,-6,12,46,231,0,4,75,2015,0,0,1,0,0,0,1
455,581,The Strumbellas,Spirits,81,66,56,-6,11,79,204,16,3,75,2015,0,1,0,0,0,1,0
456,583,The Weeknd,Can't Feel My Face,108,77,71,-6,11,58,214,11,4,83,2015,0,1,0,0,0,0,1
457,584,The Weeknd,"Earned It (Fifty Shades Of Grey) - From The ""Fifty Shades Of Grey"" Soundtrack",120,38,66,-6,10,43,252,39,3,81,2015,0,1,0,0,0,0,1
458,586,Thomas Rhett,Die A Happy Man,166,39,60,-9,12,40,227,42,3,77,2015,0,1,0,0,0,0,1
459,587,Tove Lo,Talking Body,120,76,74,-5,8,11,238,10,3,71,2015,0,0,1,0,0,0,1
460,588,Travis Scott,Antidote,131,53,71,-5,12,13,263,1,3,78,2015,1,0,0,0,0,0,1
461,589,Trey Songz,Slow Motion,95,41,73,-8,11,29,198,68,4,75,2015,0,0,1,0,0,0,1
462,590,Trey Songz,Na Na,97,48,67,-6,10,24,232,33,4,67,2015,0,0,1,0,0,0,1
463,591,Troye Sivan,YOUTH,92,74,63,-4,8,59,185,6,4,70,2015,0,0,1,0,0,0,1
464,593,Usher,I Don't Mind (feat. Juicy J),113,46,87,-8,9,46,252,21,18,73,2015,1,0,0,0,0,0,1
465,595,Wiz Khalifa,See You Again (feat. Charlie Puth),80,48,69,-8,6,28,230,37,8,85,2015,0,0,1,0,0,0,1
466,597,X Ambassadors,Unsteady,117,67,39,-6,12,20,194,18,6,78,2015,0,0,0,0,1,1,0
467,598,Years & Years,King,120,86,56,-4,38,43,215,6,4,66,2015,0,0,1,0,0,1,0
468,599,Zedd,I Want You To Know,130,85,58,-3,14,37,240,1,6,70,2015,0,1,0,0,0,0,1
469,600,Adele,When We Were Young,144,60,38,-6,10,27,291,30,5,79,2016,0,1,0,0,0,0,1
470,603,Alessia Cara,Here,120,82,38,-4,8,33,199,8,10,71,2016,0,1,0,0,0,0,1
471,604,Anne-Marie,Alarm,147,59,76,-5,18,81,206,8,23,62,2016,0,0,1,0,0,0,1
472,605,Ariana Grande,Into You,108,73,62,-6,14,37,244,2,11,73,2016,0,0,1,0,0,0,1
473,607,Ariana Grande,Dangerous Woman,134,60,66,-5,36,29,236,5,4,72,2016,0,0,1,0,0,0,1
474,608,Astrid S,Hurts So Good,120,63,67,-5,9,42,209,8,5,77,2016,0,1,0,0,0,0,1
475,609,Bastille,Good Grief,120,76,73,-5,31,88,206,15,7,70,2016,0,0,1,0,0,1,0
476,610,Beyoncé,Sorry,130,60,78,-7,25,36,233,0,5,72,2016,0,0,1,0,0,0,1
477,611,Bryson Tiller,Don't,97,36,77,-6,10,19,198,22,20,83,2016,1,0,0,0,0,0,1
478,613,Calum Scott,Dancing On My Own,113,17,68,-9,10,23,260,84,3,84,2016,0,1,0,0,0,0,1
479,614,Calvin Harris,This Is What You Came For (feat. Rihanna),124,93,63,-3,15,47,222,20,3,84,2016,0,0,1,0,0,0,1
480,615,Calvin Harris,My Way,120,91,82,-3,16,54,219,9,4,78,2016,0,0,1,0,0,0,1
481,616,Charlie Puth,We Don't Talk Anymore (feat. Selena Gomez),100,56,73,-8,18,35,218,62,13,73,2016,0,0,1,0,0,0,1
482,617,Charlie Puth,One Call Away,91,61,67,-5,12,47,194,40,3,70,2016,0,0,1,0,0,0,1
483,619,Cheat Codes,Sex,102,69,51,-6,14,21,228,0,17,66,2016,0,0,1,0,0,1,0
484,620,Chris Brown,Back To Sleep,93,65,65,-5,9,72,201,4,24,65,2016,0,0,1,0,0,0,1
485,621,Clean Bandit,Tears (feat. Louisa Johnson),130,77,61,-4,16,30,226,4,4,65,2016,0,0,1,0,0,1,0
486,623,Coldplay,Adventure of a Lifetime,112,92,64,-4,15,53,264,0,4,79,2016,0,1,0,0,0,1,0
487,624,David Guetta,This One's for You (feat. Zara Larsson) (Official Song UEFA EURO 2016),110,92,37,-3,9,37,207,0,5,72,2016,0,1,0,0,0,0,1
488,625,Daya,"Sit Still, Look Pretty",182,74,66,-4,11,54,202,14,27,76,2016,0,1,0,0,0,0,1
489,626,Daya,Hide Away,95,80,89,-5,7,46,192,23,8,72,2016,0,1,0,0,0,0,1
490,627,DJ Snake,Let Me Love You,100,72,65,-5,14,16,206,9,3,86,2016,0,0,1,0,0,0,1
491,629,DNCE,Cake By The Ocean,119,75,77,-5,4,90,219,15,5,84,2016,0,0,1,0,0,1,0
492,630,Drake,Too Good,118,65,79,-8,10,40,263,5,10,78,2016,1,0,0,0,0,0,1
493,631,Dua Lipa,Hotter Than Hell,110,87,53,-4,6,53,188,1,9,70,2016,0,0,1,0,0,0,1
494,632,Enrique Iglesias,DUELE EL CORAZON (feat. Wisin),91,91,72,-3,14,87,200,9,10,72,2016,0,0,1,0,0,0,1
495,633,Fifth Harmony,Work from Home (feat. Ty Dolla $ign),105,59,80,-6,6,59,214,10,4,81,2016,0,0,1,0,0,1,0
496,634,Fifth Harmony,All In My Head (Flex) (feat. Fetty Wap),95,79,69,-5,5,76,211,2,5,67,2016,0,0,1,0,0,1,0
497,635,Flo Rida,My House,94,70,69,-5,13,74,192,2,5,81,2016,0,0,1,0,0,0,1
498,636,Flume,Say It (feat. Tove Lo),75,53,60,-7,6,26,263,7,3,64,2016,0,1,0,0,0,0,1
499,639,Galantis,No Money,126,92,67,-4,24,80,189,3,4,72,2016,0,0,1,0,0,1,0
500,640,Garrett Nash,"i hate u, i love u (feat. olivia o'brien)",93,28,49,-13,10,18,251,69,30,82,2016,0,0,1,0,0,0,1
501,641,G-Eazy,"Me, Myself & I",112,67,76,-7,16,39,251,2,10,82,2016,0,0,0,1,0,0,1
502,642,Hailee Steinfeld,Starving,100,62,73,-4,11,51,182,38,6,81,2016,0,0,1,0,0,0,1
503,643,James Arthur,Can I Be Him,108,54,70,-6,9,48,247,31,5,80,2016,0,0,1,0,0,0,1
504,644,James TW,When You Love Someone,126,45,68,-6,5,35,217,26,3,79,2016,0,1,0,0,0,0,1
505,645,John Legend,Love Me Now,123,77,42,-4,11,72,210,57,9,59,2016,0,1,0,0,0,0,1
506,646,Jonas Blue,Perfect Strangers,118,86,73,-4,21,70,197,39,5,80,2016,0,0,1,0,0,0,1
507,647,Jonas Blue,Fast Car,114,58,67,-7,31,55,212,47,6,77,2016,0,0,1,0,0,0,1
508,648,Justin Bieber,Love Yourself,100,38,61,-10,28,52,234,84,44,87,2016,0,0,1,0,0,0,1
509,649,Justin Bieber,Sorry,100,76,65,-4,30,41,201,8,5,85,2016,0,0,1,0,0,0,1
510,650,Justin Timberlake,"CAN'T STOP THE FEELING! (from DreamWorks Animation's ""TROLLS"")",113,83,67,-6,10,70,238,1,7,77,2016,0,0,1,0,0,0,1
511,651,Kiiara,Gold,113,41,60,-9,13,41,226,62,34,64,2016,0,1,0,0,0,0,1
512,652,Kygo,Stole the Show,100,64,64,-8,32,48,223,27,23,78,2016,0,1,0,0,0,0,1
513,653,Kygo,Stay (feat. Maty Noyes),103,74,65,-8,17,38,239,4,4,65,2016,0,1,0,0,0,0,1
514,655,Little Mix,Shout Out to My Ex,126,75,77,-4,11,80,246,2,9,81,2016,0,0,1,0,0,1,0
515,656,Lukas Graham,7 Years,120,47,77,-6,39,34,237,29,5,83,2016,0,0,1,0,0,1,0
516,657,Maggie Rogers,Alaska,104,39,85,-11,11,18,188,41,5,70,2016,0,0,1,0,0,0,1
517,658,Major Lazer,Cold Water,93,80,61,-5,16,50,185,7,4,72,2016,0,0,1,0,0,1,0
518,659,Marc E. Bassy,You & Me,84,64,45,-8,19,61,218,4,28,69,2016,0,0,1,0,0,0,1
519,662,Meghan Trainor,NO,92,80,56,-4,74,66,214,1,21,75,2016,0,0,1,0,0,0,1
520,663,Mike Perry,The Ocean (feat. Shy Martin),90,57,63,-6,10,19,183,2,3,75,2016,0,0,1,0,0,0,1
521,664,Mike Posner,I Took A Pill In Ibiza - Seeb Remix,102,71,66,-7,8,71,198,4,11,81,2016,0,0,1,0,0,0,1
522,665,MØ,Final Song,105,67,70,-6,8,25,236,1,3,70,2016,0,0,1,0,0,0,1
523,666,Niall Horan,This Town,112,41,68,-8,12,20,233,70,3,64,2016,0,0,1,0,0,0,1
524,667,Nick Jonas,Close,124,62,65,-5,14,40,234,25,8,74,2016,0,0,1,0,0,0,1
525,668,Olivia Holt,History,101,63,77,-7,12,54,204,10,5,64,2016,0,1,0,0,0,0,1
526,669,One Direction,History,87,70,66,-4,6,80,187,4,5,77,2016,0,1,0,0,0,1,0
527,670,OneRepublic,Wherever I Go,100,68,54,-6,24,35,170,10,4,68,2016,0,0,1,0,0,1,0
528,672,PARTYNEXTDOOR,Not Nice,128,50,60,-9,12,73,203,3,8,67,2016,0,0,1,0,0,0,1
529,673,Rihanna,Needed Me,111,31,67,-8,8,30,192,11,24,84,2016,0,0,1,0,0,0,1
530,674,Rihanna,Work,92,53,73,-6,9,56,219,8,9,80,2016,0,0,1,0,0,0,1
531,675,Ruth B.,Lost Boy,124,6,71,-15,9,35,275,97,5,77,2016,0,1,0,0,0,0,1
532,677,Selena Gomez,Same Old Love,98,59,67,-4,21,44,229,2,3,70,2016,0,0,1,0,0,0,1
533,678,Selena Gomez,Hands To Myself,111,50,81,-7,34,47,201,1,12,68,2016,0,0,1,0,0,0,1
534,679,Shawn Mendes,Treat You Better,83,82,44,-4,11,75,188,11,34,86,2016,0,0,1,0,0,0,1
535,680,Shawn Mendes,I Know What You Did Last Summer,114,76,69,-5,15,74,224,10,9,77,2016,0,0,1,0,0,0,1
536,682,Sia,Cheap Thrills (feat. Sean Paul),90,80,59,-5,8,73,225,6,22,73,2016,0,1,0,0,0,0,1
537,683,Sigala,Sweet Lovin' - Radio Edit,125,85,68,-3,34,71,202,21,7,69,2016,0,0,1,0,0,0,1
538,684,Snakehips,All My Friends (feat. Tinashe & Chance the Rapper),95,52,68,-6,11,18,230,12,14,77,2016,0,1,0,0,0,1,0
539,685,Steve Aoki,Just Hold On,115,93,65,-4,6,39,199,0,8,61,2016,0,0,1,0,0,0,1
540,686,The 1975,Somebody Else,101,79,61,-6,15,47,348,20,6,76,2016,0,0,0,0,1,1,0
541,687,The 1975,The Sound,121,94,65,-5,45,55,249,9,8,63,2016,0,0,0,0,1,1,0
542,688,The Chainsmokers,Closer,95,52,75,-6,11,66,245,41,3,88,2016,0,0,1,0,0,1,0
543,690,The Chainsmokers,Roses,100,80,71,-7,31,34,227,4,6,78,2016,0,0,1,0,0,1,0
544,693,Timeflies,Once In a While,105,69,79,-6,62,35,215,1,14,65,2016,0,0,1,0,0,1,0
545,694,Tinie Tempah,Girls Like (feat. Zara Larsson),120,80,92,-3,8,54,196,37,5,67,2016,0,0,1,0,0,0,1
546,695,Tove Lo,Cool Girl,102,69,67,-7,8,20,199,31,11,69,2016,0,0,1,0,0,0,1
547,700,2 Chainz,It's A Vibe,73,50,82,-7,11,53,210,3,15,77,2017,1,0,0,0,0,0,1
548,701,21 Savage,Bank Account,75,35,88,-8,9,38,220,2,35,82,2017,1,0,0,0,0,0,1
549,702,A Boogie Wit da Hoodie,Drowning (feat. Kodak Black),129,81,84,-5,12,81,209,50,6,79,2017,0,0,0,1,0,0,1
550,704,AJR,Weak,124,64,67,-5,19,70,201,12,5,71,2017,0,0,0,0,1,1,0
551,705,Aminé,Caroline,120,34,94,-10,26,71,210,17,51,80,2017,1,0,0,0,0,0,1
552,706,Axwell /\ Ingrosso,More Than You Know,123,74,65,-5,31,57,203,3,3,83,2017,0,0,1,0,0,1,0
553,708,Big Sean,Bounce Back,82,57,78,-6,13,27,222,11,14,76,2017,1,0,0,0,0,0,1
554,709,Big Shaq,Man's Not Hot,135,88,91,-4,11,59,186,11,24,67,2017,0,0,0,1,0,0,1
555,710,Billie Eilish,Bored,120,32,61,-13,8,11,181,90,5,88,2017,0,0,1,0,0,0,1
556,711,blackbear,do re mi,111,59,75,-6,12,17,212,1,5,77,2017,0,0,1,0,0,0,1
557,712,Bruno Mars,That's What I Like,134,56,85,-5,9,86,207,1,4,86,2017,0,0,1,0,0,0,1
558,713,Bruno Mars,24K Magic,107,80,82,-4,15,63,226,3,8,82,2017,0,0,1,0,0,0,1
559,714,Calvin Harris,"Feels (feat. Pharrell Williams, Katy Perry & Big Sean)",101,75,89,-3,9,87,223,6,6,81,2017,0,0,1,0,0,0,1
560,715,Calvin Harris,Slide (feat. Frank Ocean & Migos),104,80,74,-3,25,51,231,50,5,77,2017,0,0,1,0,0,0,1
561,716,Camila Cabello,Havana (feat. Young Thug),105,52,77,-4,13,39,217,18,3,84,2017,0,0,1,0,0,0,1
562,717,Cardi B,Bodak Yellow,125,70,93,-6,23,49,224,7,10,77,2017,0,0,1,0,0,0,1
563,718,Cheat Codes,No Promises (feat. Demi Lovato),113,62,74,-7,11,58,223,6,16,66,2017,0,0,1,0,0,1,0
564,720,Clean Bandit,Rockabye (feat. Sean Paul & Anne-Marie),102,76,72,-4,18,74,251,41,5,80,2017,0,0,1,0,0,1,0
565,722,DJ Khaled,"I'm the One (feat. Justin Bieber, Quavo, Chance the Rapper & Lil Wayne)",81,67,60,-4,13,82,289,5,4,70,2017,0,0,1,0,0,0,1
566,723,DJ Khaled,Wild Thoughts (feat. Rihanna & Bryson Tiller),98,68,61,-3,13,62,205,3,8,70,2017,0,0,1,0,0,0,1
567,724,Drake,Passionfruit,112,46,81,-11,11,36,299,26,4,86,2017,1,0,0,0,0,0,1
568,725,Drake,Fake Love,134,48,93,-9,18,61,211,11,29,78,2017,1,0,0,0,0,0,1
569,726,Ed Sheeran,Perfect,95,45,60,-6,11,17,263,16,2,89,2017,0,0,1,0,0,0,1
570,727,Ed Sheeran,Shape of You,96,65,83,-3,9,93,234,58,8,89,2017,0,0,1,0,0,0,1
571,728,Foster The People,Sit Next to Me,97,74,64,-5,69,66,243,12,3,75,2017,0,1,0,0,0,1,0
572,729,French Montana,Unforgettable,98,77,73,-5,10,73,234,3,12,86,2017,0,0,0,1,0,0,1
573,730,Future,Mask Off,150,43,83,-9,17,28,205,1,43,84,2017,1,0,0,0,0,0,1
574,733,Hailee Steinfeld,Most Girls,103,57,76,-7,9,42,204,5,8,77,2017,0,0,1,0,0,0,1
575,734,Halsey,Now Or Never,110,59,67,-5,13,45,215,11,4,71,2017,0,0,1,0,0,0,1
576,735,Hayden James,NUMB,148,56,62,-7,9,40,217,18,4,64,2017,0,1,0,0,0,0,1
577,736,Imagine Dragons,Believer,125,78,78,-4,8,67,204,6,13,91,2017,0,0,0,0,1,1,0
578,737,Imagine Dragons,Thunder,168,82,61,-5,15,29,187,1,4,87,2017,0,0,0,0,1,1,0
579,738,Imagine Dragons,Whatever It Takes,135,66,67,-5,12,56,201,4,3,84,2017,0,0,0,0,1,1,0
580,740,Kendrick Lamar,LOVE. FEAT. ZACARI.,126,59,80,-7,15,78,213,26,9,85,2017,1,0,0,0,0,0,1
581,741,Kendrick Lamar,DNA.,140,52,64,-7,8,42,186,0,36,83,2017,1,0,0,0,0,0,1
582,743,Khalid,Young Dumb & Broke,137,54,80,-6,17,39,203,20,4,84,2017,0,0,1,0,0,0,1
583,744,Khalid,Location,80,45,74,-11,9,33,219,33,43,83,2017,0,0,1,0,0,0,1
584,745,Kodak Black,Tunnel Vision,172,49,50,-8,12,23,268,6,29,78,2017,0,0,0,1,0,0,1
585,746,KYLE,iSpy (feat. Lil Yachty),75,65,75,-7,23,67,253,38,29,76,2017,0,0,1,0,0,0,1
586,747,Lana Del Rey,Lust For Life (with The Weeknd),100,66,50,-9,36,26,264,60,5,73,2017,0,0,1,0,0,0,1
587,748,Liam Payne,Strip That Down (feat. Quavo),106,50,87,-5,8,55,202,20,5,75,2017,0,0,1,0,0,0,1
588,751,Lil Uzi Vert,XO Tour Llif3,155,75,73,-6,11,40,183,0,23,86,2017,0,0,0,1,0,0,1
589,753,Logic,1-800-273-8255,100,57,62,-8,19,36,250,57,5,82,2017,1,0,0,0,0,0,1
590,755,Lorde,Green Light,129,72,59,-8,9,25,235,2,10,78,2017,0,0,1,0,0,0,1
591,756,Lorde,"Homemade Dynamite (Feat. Khalid, Post Malone & SZA) - REMIX",107,55,78,-5,13,18,214,23,8,71,2017,0,0,1,0,0,0,1
592,757,lovelytheband,broken,123,73,67,-6,4,51,205,0,4,76,2017,0,0,1,0,0,1,0
593,759,Machine Gun Kelly,Bad Things (with Camila Cabello),138,69,70,-5,19,31,239,21,15,76,2017,1,0,0,0,0,0,1
594,760,Macklemore,Glorious (feat. Skylar Grey),140,79,73,-5,11,36,220,3,5,78,2017,0,0,0,1,0,0,1
595,761,Maroon 5,Cold (feat. Future),100,72,69,-6,5,41,234,14,11,68,2017,0,0,1,0,0,1,0
596,762,Maroon 5,Don't Wanna Know (feat. Kendrick Lamar),100,61,78,-6,10,42,214,34,7,66,2017,0,0,1,0,0,1,0
597,763,MGMT,Little Dark Age,98,71,71,-6,10,62,300,1,4,85,2017,0,1,0,0,0,1,0
598,764,Migos,Bad and Boujee (feat. Lil Uzi Vert),127,67,93,-5,12,17,343,6,24,78,2017,1,0,0,0,0,1,0
599,765,Migos,Slippery (feat. Gucci Mane),142,68,92,-6,10,75,304,31,26,74,2017,1,0,0,0,0,1,0
600,766,Migos,T-Shirt,139,69,87,-4,16,49,242,24,22,71,2017,1,0,0,0,0,1,0
601,767,Miguel,Sky Walker (feat. Travis Scott),146,51,67,-11,9,18,259,17,4,78,2017,0,0,1,0,0,0,1
602,769,MØ,Nights With You,120,67,76,-4,38,60,197,40,10,61,2017,0,0,1,0,0,0,1
603,770,Niall Horan,Slow Hands,86,43,74,-7,6,85,188,1,5,79,2017,0,0,1,0,0,0,1
604,773,Portugal. The Man,Feel It Still,79,80,80,-5,7,75,163,4,5,81,2017,0,0,0,0,1,1,0
605,774,Post Malone,Congratulations,123,80,63,-4,25,49,220,22,4,85,2017,0,0,0,1,0,0,1
606,776,Rae Sremmurd,Swang,140,31,68,-9,10,17,208,20,6,80,2017,1,0,0,0,0,1,0
607,778,Rob $tone,Chill Bill (feat. J. Davi$ & Spooks),108,43,89,-10,9,23,177,3,14,81,2017,0,0,0,1,0,0,1
608,779,Russ,Losin Control,97,25,76,-7,10,21,238,52,14,79,2017,1,0,0,0,0,0,1
609,780,Sam Smith,Too Good At Goodbyes,92,37,68,-8,17,48,201,64,4,77,2017,0,0,1,0,0,0,1
610,781,Sean Paul,No Lie,102,88,74,-3,21,46,221,5,12,89,2017,0,0,1,0,0,0,1
611,782,Selena Gomez,Fetish (feat. Gucci Mane),123,62,71,-4,6,27,186,2,6,74,2017,0,0,1,0,0,0,1
612,783,Shelley FKA DRAM,Broccoli,146,53,89,-7,6,71,225,24,13,64,2017,0,1,0,0,0,0,1
613,784,Snakehips,Don't Leave,122,70,66,-3,26,34,215,22,8,68,2017,0,1,0,0,0,1,0
614,785,SZA,Love Galore (feat. Travis Scott),135,59,80,-6,16,41,275,11,7,81,2017,0,0,1,0,0,0,1
615,786,Taylor Swift,Look What You Made Me Do,128,71,77,-6,13,51,212,20,12,81,2017,0,0,1,0,0,0,1
616,788,The Chainsmokers,Something Just Like This,103,64,62,-7,16,45,247,5,3,87,2017,0,0,1,0,0,1,0
617,789,The Chainsmokers,Paris,100,66,65,-6,9,22,222,2,3,77,2017,0,0,1,0,0,1,0
618,791,The Vamps,Middle Of The Night,130,75,59,-4,8,40,175,0,6,65,2017,0,1,0,0,0,1,0
619,792,The Weeknd,I Feel It Coming,93,82,77,-6,7,59,269,43,12,82,2017,0,1,0,0,0,0,1
620,793,Travis Scott,goosebumps,130,73,84,-3,15,43,244,8,5,88,2017,1,0,0,0,0,0,1
621,796,Yo Gotti,Rake It Up (feat. Nicki Minaj),150,44,91,-8,14,53,276,2,34,73,2017,0,0,0,1,0,0,1
622,797,Zara Larsson,I Would Like,121,71,49,-4,8,30,227,9,5,62,2017,0,0,1,0,0,0,1
623,798,Zay Hilfigerrr,Juju on That Beat (TZ Anthem),161,89,81,-4,39,78,144,0,28,62,2017,1,0,0,0,0,0,1
624,799,Zedd,Stay,102,62,69,-5,12,54,210,25,6,80,2017,0,1,0,0,0,0,1
625,800,5 Seconds of Summer,Youngblood,120,85,60,-5,12,15,203,2,46,74,2018,0,1,0,0,0,1,0
626,801,6ix9ine,FEFE,126,39,93,-9,14,38,179,9,41,75,2018,0,0,0,1,0,0,1
627,804,Ariana Grande,no tears left to cry,122,71,70,-6,29,35,206,4,6,82,2018,0,0,1,0,0,0,1
628,805,B Young,Jumanji,96,47,79,-10,10,60,173,28,25,65,2018,0,1,0,0,0,0,1
629,806,Banx & Ranx,Answerphone (feat. Yxng Bane),113,83,67,-4,45,45,191,4,9,60,2018,0,1,0,0,0,1,0
630,808,benny blanco,Eastside (with Halsey & Khalid),89,68,56,-8,12,32,174,56,32,80,2018,0,0,1,0,0,0,1
631,810,BlocBoy JB,Look Alive (feat. Drake),140,58,92,-7,11,60,181,0,27,78,2018,1,0,0,0,0,0,1
632,811,Bruno Mars,Finesse - Remix,105,86,70,-5,2,93,217,2,10,78,2018,0,0,1,0,0,0,1
633,812,Calvin Harris,One Kiss (with Dua Lipa),124,86,79,-3,8,59,215,4,11,86,2018,0,0,1,0,0,0,1
634,813,Camila Cabello,Never Be the Same,130,71,64,-4,14,24,227,18,7,79,2018,0,0,1,0,0,0,1
635,814,Cardi B,I Like It,136,73,82,-4,37,65,253,10,13,83,2018,0,0,1,0,0,0,1
636,815,Cardi B,Bodak Yellow,125,70,93,-6,23,49,224,7,10,77,2018,0,0,1,0,0,0,1
637,817,Cashmere Cat,Miss You (with Major Lazer & Tory Lanez),100,64,75,-5,11,45,186,25,9,61,2018,0,0,1,0,0,0,1
638,818,Charlie Puth,How Long,110,56,85,-5,4,81,201,21,8,77,2018,0,0,1,0,0,0,1
639,819,Charlie Puth,Done for Me (feat. Kehlani),112,63,86,-4,7,70,180,19,7,72,2018,0,0,1,0,0,0,1
640,820,Charlie Puth,The Way I Am,115,77,76,-6,6,64,186,31,19,68,2018,0,0,1,0,0,0,1
641,821,Childish Gambino,This Is America,120,46,85,-6,35,55,226,12,14,75,2018,1,0,0,0,0,0,1
642,822,Dan + Shay,Tequila,86,58,49,-6,13,49,197,3,3,75,2018,0,1,0,0,0,1,0
643,824,DJ Khaled,No Brainer,136,76,55,-5,9,64,260,7,34,71,2018,0,0,1,0,0,0,1
644,825,Drake,God's Plan,77,45,75,-9,55,36,199,3,11,86,2018,1,0,0,0,0,0,1
645,827,Drake,Nice For What,93,91,59,-6,12,76,211,9,7,81,2018,1,0,0,0,0,0,1
646,828,Drake,In My Feelings,91,63,84,-6,40,35,218,6,13,80,2018,1,0,0,0,0,0,1
647,830,Dua Lipa,IDGAF,97,54,84,-6,8,51,218,4,9,83,2018,0,0,1,0,0,0,1
648,831,Dynoro,In My Mind,126,77,69,-5,12,16,185,18,15,83,2018,0,1,0,0,0,0,1
649,833,Ella Mai,Boo'd Up,82,78,56,-5,8,24,256,9,5,73,2018,0,0,1,0,0,0,1
650,834,Eminem,River (feat. Ed Sheeran),90,75,75,-6,7,66,221,14,52,77,2018,1,0,0,0,0,0,1
651,835,EO,German,103,58,86,-6,19,85,171,81,7,71,2018,0,1,0,0,0,0,1
652,836,FINNEAS,Let's Fall in Love for the Night,128,41,74,-8,17,37,190,80,10,77,2018,0,1,0,0,0,0,1
653,838,G-Eazy,Him & I (with Halsey),88,73,59,-6,31,19,269,5,9,80,2018,0,0,0,1,0,0,1
654,839,George Ezra,Shotgun,116,74,67,-5,24,75,201,29,5,81,2018,0,0,1,0,0,0,1
655,840,George Ezra,Paradise,138,88,64,-4,21,91,222,21,4,73,2018,0,0,1,0,0,0,1
656,841,girl in red,we fell in love in october,130,37,57,-13,16,24,184,11,3,88,2018,0,0,1,0,0,0,1
657,842,Hailee Steinfeld,"Let Me Go (with Alesso, Florida Georgia Line & watt)",103,71,66,-4,8,74,175,3,5,81,2018,0,0,1,0,0,0,1
658,843,Halsey,Bad At Love,118,75,68,-4,9,61,181,6,3,77,2018,0,0,1,0,0,0,1
659,845,Imagine Dragons,Natural,100,61,70,-6,8,22,189,22,4,85,2018,0,0,0,0,1,1,0
660,846,Janelle Monáe,Make Me Feel,115,41,86,-7,33,70,194,13,18,68,2018,0,1,0,0,0,0,1
661,847,Jason Aldean,You Make It Easy,132,57,38,-5,11,41,197,14,3,74,2018,0,1,0,0,0,0,1
662,848,Jay Rock,"King's Dead (with Kendrick Lamar, Future & James Blake)",137,71,65,-5,13,38,230,0,30,76,2018,1,0,0,0,0,0,1
663,849,Jonas Blue,Rise,106,79,69,-5,20,66,194,33,3,74,2018,0,0,1,0,0,0,1
664,851,Kendrick Lamar,LOVE. FEAT. ZACARI.,126,59,80,-7,15,78,213,26,9,85,2018,1,0,0,0,0,0,1
665,852,Kendrick Lamar,All The Stars (with SZA),97,63,70,-5,9,55,232,6,6,85,2018,1,0,0,0,0,0,1
666,853,Khalid,Love Lies (with Normani),144,65,71,-6,13,34,202,10,4,78,2018,0,0,1,0,0,0,1
667,854,King Princess,1950,72,54,60,-7,16,27,225,65,11,77,2018,0,1,0,0,0,0,1
668,855,Lauv,I Like Me Better,92,51,75,-8,10,42,197,54,25,86,2018,0,0,1,0,0,0,1
669,856,Lil Baby,Yes Indeed,120,35,96,-9,11,56,142,4,53,84,2018,1,0,0,0,0,0,1
670,857,Lil Dicky,Freaky Friday (feat. Chris Brown),133,60,76,-5,11,76,217,15,22,74,2018,0,0,0,1,0,0,1
671,858,Logic,Everyday,150,74,67,-4,8,42,205,4,4,74,2018,1,0,0,0,0,0,1
672,861,Machine Gun Kelly,"Home (with Machine Gun Kelly, X Ambassadors & Bebe Rexha)",82,72,65,-5,5,22,203,0,21,77,2018,1,0,0,0,0,0,1
673,863,Maroon 5,Wait,126,60,66,-5,11,45,191,10,6,64,2018,0,0,1,0,0,1,0
674,864,Marshmello,Happier,100,79,69,-3,17,67,214,19,5,86,2018,0,1,0,0,0,0,1
675,866,Marshmello,FRIENDS,95,88,63,-2,13,53,203,21,5,83,2018,0,1,0,0,0,0,1
676,869,Migos,MotorSport,138,52,90,-5,33,19,303,3,18,77,2018,1,0,0,0,0,1,0
677,870,Migos,Stir Fry,182,82,82,-5,16,51,190,0,27,75,2018,1,0,0,0,0,1,0
678,871,MK,17,122,83,70,-7,7,67,196,0,7,69,2018,0,0,1,0,0,0,1
679,872,NF,Let You Down,148,71,66,-6,18,46,212,31,12,84,2018,1,0,0,0,0,0,1
680,874,Offset,Ric Flair Drip (with Metro Boomin),100,43,88,-8,11,33,173,15,21,85,2018,1,0,0,0,0,0,1
681,875,Ozuna,Vaina Loca,94,81,75,-4,20,56,176,32,8,77,2018,0,1,0,0,0,0,1
682,879,Post Malone,Psycho (feat. Ty Dolla $ign),140,56,75,-8,11,46,221,55,11,82,2018,0,0,0,1,0,0,1
683,881,Rich The Kid,Plug Walk,95,52,88,-7,11,16,175,20,14,77,2018,1,0,0,0,0,0,1
684,883,Sigrid,Strangers,115,72,76,-6,8,13,234,1,4,64,2018,0,0,1,0,0,0,1
685,884,Taylor Swift,Delicate,95,40,75,-10,9,5,232,22,7,81,2018,0,0,1,0,0,0,1
686,885,The 1975,It's Not Living (If It's Not With You),121,84,62,-5,6,53,248,0,3,75,2018,0,0,0,0,1,1,0
687,887,The Chainsmokers,Sick Boy,90,58,66,-8,12,45,193,11,5,74,2018,0,0,1,0,0,1,0
688,888,The Weeknd,Call Out My Name,134,59,46,-5,31,18,228,17,4,85,2018,0,1,0,0,0,0,1
689,889,The Weeknd,Pray For Me (with Kendrick Lamar),101,68,74,-5,11,19,211,8,9,74,2018,0,1,0,0,0,0,1
690,890,Tiësto,Jackie Chan,128,83,75,-3,6,69,216,37,5,76,2018,0,1,0,0,0,0,1
691,891,Travis Scott,SICKO MODE,155,73,83,-4,12,45,313,1,22,86,2018,1,0,0,0,0,0,1
692,892,Tyga,Taste (feat. Offset),98,56,88,-7,10,34,233,2,12,78,2018,0,0,1,0,0,0,1
693,893,Vance Joy,Saturday Sun,100,86,64,-4,22,71,215,48,5,75,2018,0,0,1,0,0,0,1
694,897,Years & Years,If You're Over Me,104,85,65,-5,6,62,189,6,9,60,2018,0,0,1,0,0,1,0
695,898,YG,"BIG BANK (feat. 2 Chainz, Big Sean, Nicki Minaj)",204,35,75,-8,9,11,237,1,33,73,2018,0,0,0,1,0,0,1
696,899,Zedd,The Middle,107,66,75,-3,11,44,185,17,4,84,2018,0,1,0,0,0,0,1
697,902,A Boogie Wit da Hoodie,Swervin (feat. 6ix9ine),93,66,58,-5,11,43,189,2,30,80,2019,0,0,0,1,0,0,1
698,903,A Boogie Wit da Hoodie,Look Back at It,96,59,79,-5,15,54,179,41,4,78,2019,0,0,0,1,0,0,1
699,904,AJ Tracey,Ladbroke Grove,134,84,90,-9,10,73,191,9,21,73,2019,0,1,0,0,0,0,1
700,905,Anuel AA,China,105,81,79,-4,8,61,302,8,9,80,2019,0,1,0,0,0,0,1
701,906,Anuel AA,Secreto,92,80,81,-4,14,71,259,60,13,79,2019,0,1,0,0,0,0,1
702,907,Ariana Grande,7 rings,140,32,78,-11,9,33,179,59,33,88,2019,0,0,1,0,0,0,1
703,908,Ariana Grande,"thank u, next",107,65,72,-6,10,41,207,23,7,85,2019,0,0,1,0,0,0,1
704,911,Ashley O,On A Roll,125,81,74,-6,5,39,154,8,9,62,2019,0,0,1,0,0,0,1
705,912,Bad Bunny,Callaita,176,62,61,-5,24,24,251,60,31,86,2019,0,1,0,0,0,0,1
706,913,Bad Bunny,MIA (feat. Drake),97,54,82,-6,10,16,210,1,6,82,2019,0,1,0,0,0,0,1
707,915,Billie Eilish,bad guy,135,43,70,-11,10,56,194,33,38,88,2019,0,0,1,0,0,0,1
708,917,Billie Eilish,bury a friend,120,39,91,-15,11,20,193,74,33,80,2019,0,0,1,0,0,0,1
709,918,BLACKPINK,Kill This Love,132,84,76,-5,23,65,191,32,19,79,2019,0,0,1,0,0,1,0
710,919,Blanco Brown,The Git Up,98,68,85,-9,27,81,201,7,11,74,2019,0,1,0,0,0,0,1
711,921,BTS,Boy With Luv (feat. Halsey),120,86,65,-5,19,80,230,9,8,86,2019,0,0,1,0,0,1,0
712,922,Cardi B,Please Me,134,57,75,-7,8,65,201,6,8,79,2019,0,0,1,0,0,0,1
713,923,Cardi B,Money,130,59,95,-7,11,22,184,1,29,78,2019,0,0,1,0,0,0,1
714,925,Dave,Location (feat. Burna Boy),110,50,81,-6,10,55,241,27,30,81,2019,1,0,0,0,0,0,1
715,926,Doja Cat,Juicy,170,66,79,-3,7,46,202,9,7,62,2019,0,0,1,0,0,0,1
716,928,Drake,Money In The Grave (Drake ft. Rick Ross),101,50,83,-4,12,10,205,10,5,82,2019,1,0,0,0,0,0,1
717,929,Dua Lipa,Don't Start Now,124,79,79,-5,10,68,183,1,8,84,2019,0,0,1,0,0,0,1
718,930,Ed Sheeran,Take Me Back to London (feat. Stormzy),138,76,89,-6,16,61,190,22,22,71,2019,0,0,1,0,0,0,1
719,931,Ed Sheeran,Cross Me (feat. Chance the Rapper & PnB Rock),95,79,75,-6,7,61,206,21,12,69,2019,0,0,1,0,0,0,1
720,934,Gesaffelstein,Lost in the Fire (feat. The Weeknd),101,67,66,-12,12,17,202,9,4,89,2019,0,1,0,0,0,0,1
721,935,Halsey,Without Me,136,49,75,-7,9,53,202,30,7,82,2019,0,0,1,0,0,0,1
722,938,J. Cole,MIDDLE CHILD,124,36,84,-12,27,46,214,15,28,85,2019,1,0,0,0,0,0,1
723,939,Jax Jones,All Day And Night,122,78,59,-4,16,52,169,27,9,64,2019,0,0,1,0,0,0,1
724,940,Joel Corry,Sorry,125,79,74,-5,32,85,189,5,6,68,2019,0,0,1,0,0,0,1
725,941,Jonas Brothers,Sucker,138,73,84,-5,11,95,181,4,6,84,2019,0,1,0,0,0,1,0
726,942,Jonas Brothers,Only Human,94,50,80,-6,6,87,183,11,7,76,2019,0,1,0,0,0,1,0
727,943,Juice WRLD,Robbery,80,69,62,-5,15,57,240,33,5,84,2019,0,0,0,1,0,0,1
728,945,Kehlani,Nights Like This (feat. Ty Dolla $ign),146,73,61,-5,15,29,202,37,15,80,2019,0,0,1,0,0,0,1
729,946,Khalid,Better,98,55,60,-10,10,11,229,8,10,81,2019,0,0,1,0,0,0,1
730,947,Khalid,Talk (feat. Disclosure),136,40,90,-9,6,35,198,5,13,76,2019,0,0,1,0,0,0,1
731,948,Kodak Black,ZEZE (feat. Travis Scott & Offset),98,60,86,-6,9,50,229,5,18,82,2019,0,0,0,1,0,0,1
732,949,Lady Gaga,Shallow,96,39,57,-6,23,32,216,37,3,87,2019,0,0,1,0,0,0,1
733,953,Lewis Capaldi,Grace,104,56,72,-6,17,49,186,44,3,72,2019,0,0,1,0,0,0,1
734,960,Lunay,Soltera - Remix,92,78,80,-4,44,80,266,36,4,74,2019,0,1,0,0,0,0,1
735,961,Maggie Rogers,Light On,102,57,66,-6,13,40,234,20,5,72,2019,0,0,1,0,0,0,1
736,962,Mark Ronson,Nothing Breaks Like a Heart (feat. Miley Cyrus),114,79,60,-6,39,24,217,1,7,84,2019,0,0,1,0,0,0,1
737,964,Marshmello,One Thing Right,88,63,66,-2,58,44,182,6,5,77,2019,0,1,0,0,0,0,1
738,966,Meek Mill,Going Bad (feat. Drake),86,50,89,-6,25,54,181,26,9,83,2019,1,0,0,0,0,0,1
739,967,Megan Thee Stallion,Hot Girl Summer (feat. Nicki Minaj & Ty Dolla $ign),99,81,87,-5,21,57,199,0,16,73,2019,0,0,1,0,0,0,1
740,970,NLE Choppa,Shotta Flow (feat. Blueface) [Remix],120,51,89,-5,14,57,177,3,42,74,2019,1,0,0,0,0,0,1
741,972,NSG,Options,102,62,84,-5,10,76,240,39,9,62,2019,0,1,0,0,0,1,0
742,973,Offset,Clout (feat. Cardi B),140,62,92,-7,12,42,206,23,10,73,2019,1,0,0,0,0,0,1
743,974,Panic! At The Disco,High Hopes,82,90,58,-3,6,68,191,19,6,85,2019,0,0,0,0,1,1,0
744,977,Post Malone,Circles,120,76,70,-3,9,55,215,19,4,89,2019,0,0,0,1,0,0,1
745,980,Post Malone,Wow.,100,54,83,-7,10,39,150,14,21,83,2019,0,0,0,1,0,0,1
746,985,Sam Feldt,Post Malone (feat. RANI),107,64,59,-4,11,65,174,8,12,74,2019,0,0,1,0,0,0,1
747,988,Shawn Mendes,Señorita,117,55,76,-6,8,75,191,4,3,83,2019,0,0,1,0,0,0,1
748,989,Shawn Mendes,If I Can't Have You,124,81,69,-4,15,86,191,52,6,78,2019,0,0,1,0,0,0,1
749,991,Stormzy,Vossi Bop,188,65,68,-6,13,43,196,13,34,69,2019,0,1,0,0,0,0,1
750,994,Taylor Swift,You Need To Calm Down,85,67,77,-6,6,71,171,1,6,81,2019,0,0,1,0,0,0,1
751,997,Wiley,Boasty (feat. Idris Elba),103,77,89,-5,9,46,177,1,7,68,2019,0,1,0,0,0,0,1
752,998,Young T & Bugsey,Strike a Pose (feat. Aitch),138,58,53,-6,10,59,214,1,10,67,2019,0,1,0,0,0,1,0
753,999,Young Thug,The London (feat. J. Cole & Travis Scott),98,59,80,-7,13,18,200,2,15,75,2019,1,0,0,0,0,0,1
